Date,Primary Type,Location Description,Arrest,Ward,Year,Latitude,Longitude
05/24/2021 03:06:00 PM,HOMICIDE,STREET,true,36,2021,41.91783806,-87.75596897
06/26/2021 09:24:00 AM,HOMICIDE,PARKING LOT,true,50,2021,41.99521944,-87.71335491
11/09/23 7:30,BURGLARY,APARTMENT,false,47,2023,41.95234509,-87.67797506
11/12/23 7:59,BATTERY,SMALL RETAIL STORE,true,6,2023,41.73775077,-87.60485591
09/06/23 17:00,CRIMINAL DAMAGE,PARKING LOT / GARAGE (NON RESIDENTIAL),false,42,2023,41.88601806,-87.63393788
07/01/24 0:00,DECEPTIVE PRACTICE,AIRPORT EXTERIOR - NON-SECURE AREA,false,41,2024,41.99491395,-87.88193767
08/25/2024 08:21:00 PM,HOMICIDE,STREET,false,27,2024,41.89185127,-87.7105028
04/01/24 0:00,BATTERY,APARTMENT,false,14,2024,41.78384449,-87.70084273
03/24/2022 05:07:00 PM,MOTOR VEHICLE THEFT,GAS STATION,false,34,2022,41.86684367,-87.62581667
08/23/2024 06:00:00 AM,BATTERY,APARTMENT,true,7,2024,41.75113362,-87.55894689
08/24/2024 03:59:00 PM,BATTERY,APARTMENT,false,4,2024,41.81039168,-87.60391608
08/14/2024 05:00:00 PM,DECEPTIVE PRACTICE,APARTMENT,false,31,2024,41.93128816,-87.76545055
08/23/2024 12:00:00 PM,DECEPTIVE PRACTICE,DAY CARE CENTER,false,40,2024,41.99047805,-87.69296356
08/09/24 16:00,DECEPTIVE PRACTICE,CREDIT UNION,false,34,2024,41.8769047,-87.62904347
08/31/2023 12:00:00 PM,DECEPTIVE PRACTICE,STREET,false,27,2023,41.87756511,-87.68479102
07/24/2023 09:45:00 PM,CRIMINAL SEXUAL ASSAULT,APARTMENT,false,7,2023,41.7619185,-87.57620925
08/27/2023 07:00:00 AM,THEFT,APARTMENT,false,30,2023,41.94337853,-87.7199738
09/04/23 21:30,CRIMINAL DAMAGE,RESIDENCE - GARAGE,false,14,2023,41.79647741,-87.70854092
08/15/2023 02:20:00 PM,THEFT,RESIDENCE - PORCH / HALLWAY,false,18,2023,41.7526888,-87.70490879
07/24/2023 04:09:00 PM,DECEPTIVE PRACTICE,CURRENCY EXCHANGE,false,6,2023,41.75812617,-87.63158251
09/03/23 10:27,THEFT,APARTMENT,false,21,2023,41.73149773,-87.65807457
08/17/2023 07:00:00 AM,THEFT,STREET,false,17,2023,41.76482708,-87.67170912
08/24/2023 02:27:00 PM,DECEPTIVE PRACTICE,CURRENCY EXCHANGE,false,11,2023,41.83765193,-87.64140409
08/11/23 11:00,OFFENSE INVOLVING CHILDREN,RESIDENCE,false,28,2023,41.88059439,-87.70295942
11/11/23 0:00,MOTOR VEHICLE THEFT,STREET,false,28,2023,41.88077908,-87.72137703
11/10/23 5:30,THEFT,PARKING LOT / GARAGE (NON RESIDENTIAL),false,29,2023,41.91518726,-87.77542523
11/03/23 12:00,DECEPTIVE PRACTICE,APARTMENT,false,46,2023,41.95203631,-87.64628188
11/10/23 17:30,MOTOR VEHICLE THEFT,STREET,false,37,2023,41.89888459,-87.7341962
11/10/23 20:28,MOTOR VEHICLE THEFT,STREET,false,10,2023,41.69997111,-87.53286642
11/10/23 12:15,ROBBERY,STREET,false,26,2023,41.89850206,-87.69924242
11/10/23 11:00,ASSAULT,APARTMENT,false,21,2023,41.70595655,-87.64837349
04/21/2019 12:30:00 PM,ROBBERY,RESIDENCE,false,8,2019,41.74950033,-87.6011574
04/17/2021 03:20:00 PM,ROBBERY,RESIDENCE,true,6,2021,41.74662631,-87.61803195
01/14/2022 03:55:00 PM,OTHER OFFENSE,RESIDENCE,false,16,2022,41.77178244,-87.64943693
01/13/2022 04:00:00 PM,OFFENSE INVOLVING CHILDREN,RESIDENCE,false,36,2022,41.89920607,-87.70550559
08/05/22 21:00,SEX OFFENSE,APARTMENT,true,5,2022,41.76333797,-87.59700113
08/14/2022 02:00:00 PM,SEX OFFENSE,RESIDENCE,false,39,2022,41.98587528,-87.76640386
11/10/22 3:47,PUBLIC PEACE VIOLATION,STREET,false,17,2022,41.76261474,-87.65284046
08/17/2019 01:14:00 PM,OFFENSE INVOLVING CHILDREN,RESIDENCE,true,37,2019,41.89621515,-87.72857205
03/30/2023 09:16:00 AM,SEX OFFENSE,APARTMENT,false,8,2023,41.7486538,-87.60268049
05/10/23 12:43,OFFENSE INVOLVING CHILDREN,RESIDENCE,false,30,2023,41.93201543,-87.76991667
04/01/23 11:13,OFFENSE INVOLVING CHILDREN,RESIDENCE,false,26,2023,41.91756278,-87.74982812
06/22/2023 06:52:00 PM,DECEPTIVE PRACTICE,AUTO / BOAT / RV DEALERSHIP,true,1,2023,41.91065261,-87.66614577
07/04/23 17:30,MOTOR VEHICLE THEFT,STREET,true,3,2023,41.80890316,-87.61813919
11/09/18 0:00,CRIMINAL SEXUAL ASSAULT,RESIDENCE,false,29,2018,41.91157425,-87.78997228
02/01/23 14:00,SEX OFFENSE,APARTMENT,true,20,2023,41.78826455,-87.62229949
08/17/2023 03:15:00 PM,THEFT,DEPARTMENT STORE,true,1,2023,41.91765602,-87.68875026
08/17/2023 07:25:00 PM,THEFT,STREET,true,35,2023,41.93588316,-87.71621965
08/20/2023 04:30:00 AM,CRIMINAL DAMAGE,RESIDENCE,true,36,2023,41.91779013,-87.75462463
08/20/2023 06:00:00 AM,THEFT,STREET,true,26,2023,41.91750674,-87.75339264
08/21/2023 07:28:00 AM,CRIMINAL TRESPASS,CHA PARKING LOT / GROUNDS,true,26,2023,41.91096238,-87.69455985
08/21/2023 02:37:00 PM,DECEPTIVE PRACTICE,STREET,true,26,2023,41.92120774,-87.75483259
08/22/2023 11:44:00 AM,THEFT,DEPARTMENT STORE,true,32,2023,41.92974382,-87.68427378
08/24/2023 04:07:00 PM,THEFT,DEPARTMENT STORE,true,1,2023,41.9033043,-87.67006468
08/26/2023 02:15:00 AM,CRIMINAL TRESPASS,RESTAURANT,true,31,2023,41.9242483,-87.74563692
08/26/2023 01:43:00 PM,THEFT,GROCERY FOOD STORE,true,39,2023,41.97235959,-87.72814279
08/27/2023 01:16:00 AM,BATTERY,STREET,true,33,2023,41.9692293,-87.71338636
08/27/2023 11:58:00 AM,THEFT,APPLIANCE STORE,true,32,2023,41.92823582,-87.68208415
08/27/2023 01:16:00 PM,THEFT,SMALL RETAIL STORE,true,26,2023,41.91010705,-87.70767654
08/27/2023 10:00:00 PM,MOTOR VEHICLE THEFT,STREET,true,23,2023,41.76170131,-87.71864284
08/28/2023 06:23:00 AM,CRIMINAL DAMAGE,PARKING LOT / GARAGE (NON RESIDENTIAL),true,36,2023,41.9301323,-87.7856768
08/29/2023 01:59:00 PM,CRIMINAL DAMAGE,RESIDENCE,true,37,2023,41.9065191,-87.75835963
08/30/2023 03:28:00 PM,THEFT,DEPARTMENT STORE,true,32,2023,41.92974382,-87.68427378
08/30/2023 10:34:00 AM,CRIMINAL DAMAGE,APARTMENT,true,35,2023,41.92886994,-87.72567292
08/31/2023 05:12:00 PM,THEFT,SMALL RETAIL STORE,true,36,2023,41.92628702,-87.785548
09/02/23 0:35,BATTERY,STREET,true,1,2023,41.90312536,-87.6809839
09/02/23 1:00,BATTERY,RESIDENCE,true,6,2023,41.74823293,-87.64153328
09/02/23 16:28,MOTOR VEHICLE THEFT,RESIDENCE,true,29,2023,41.90968718,-87.79600963
09/02/23 23:00,BATTERY,APARTMENT,true,10,2023,41.71286177,-87.53769489
09/01/23 19:50,OTHER OFFENSE,STREET,false,37,2023,41.91049144,-87.74993661
09/03/23 3:00,MOTOR VEHICLE THEFT,STREET,true,17,2023,41.76342357,-87.70523658
09/03/23 21:50,OTHER OFFENSE,STREET,true,45,2023,41.98142637,-87.77299737
09/04/23 19:15,BATTERY,RESIDENCE,true,14,2023,41.79651034,-87.7085406
09/04/23 21:47,OTHER OFFENSE,STREET,true,31,2023,41.94558362,-87.74704737
09/04/23 22:10,OTHER OFFENSE,STREET,true,38,2023,41.96120206,-87.77704989
05/24/2023 12:00:00 PM,MOTOR VEHICLE THEFT,RESIDENCE - GARAGE,false,45,2023,41.98896259,-87.78277087
09/05/23 19:18,OTHER OFFENSE,STREET,true,29,2023,41.91538933,-87.76570174
09/05/23 19:22,ASSAULT,APARTMENT,true,36,2023,41.91943601,-87.77556459
09/05/23 23:30,OTHER OFFENSE,STREET,true,37,2023,41.90256263,-87.75087938
09/05/23 22:54,OTHER OFFENSE,STREET,true,1,2023,41.91050544,-87.67631647
07/08/10 9:30,THEFT,RESIDENCE,false,5,2010,41.79583791,-87.5854294
05/06/24 8:00,MOTOR VEHICLE THEFT,STREET,false,31,2024,41.9357645,-87.74430733
08/15/2024 09:00:00 AM,OFFENSE INVOLVING CHILDREN,RESIDENCE,false,18,2024,41.73682681,-87.66552245
11/01/23 0:00,MOTOR VEHICLE THEFT,STREET,false,37,2023,41.89905172,-87.75447428
02/22/2024 12:00:00 AM,DECEPTIVE PRACTICE,RESIDENCE,false,29,2024,41.9334899,-87.80292868
08/15/2024 09:00:00 AM,DECEPTIVE PRACTICE,RESIDENCE,false,21,2024,41.6997695,-87.63177425
06/30/2024 12:00:00 AM,DECEPTIVE PRACTICE,APARTMENT,false,16,2024,41.77679963,-87.68601621
09/20/2024 06:25:00 PM,DECEPTIVE PRACTICE,RESIDENCE,false,3,2024,41.81034705,-87.61293277
09/05/23 14:51,BATTERY,APARTMENT,false,24,2023,41.8629145,-87.70973744
08/25/2024 12:00:00 PM,BURGLARY,APARTMENT,false,20,2024,41.79680481,-87.60565445
08/25/2024 02:59:00 AM,CRIMINAL DAMAGE,STREET,false,21,2024,41.7021321,-87.62814522
08/25/2024 06:12:00 AM,DECEPTIVE PRACTICE,OTHER (SPECIFY),false,7,2024,41.75804287,-87.56003667
08/25/2024 06:00:00 PM,BATTERY,RESIDENCE,false,3,2024,41.86512009,-87.62846427
08/25/2024 11:11:00 AM,CRIMINAL DAMAGE,RESIDENCE - YARD (FRONT / BACK),false,8,2024,41.76157203,-87.59209513
08/25/2024 08:00:00 AM,THEFT,RESIDENCE,false,9,2024,41.69993455,-87.60623128
08/25/2024 06:00:00 PM,MOTOR VEHICLE THEFT,ALLEY,false,1,2024,41.90203618,-87.67478336
08/25/2024 09:30:00 PM,MOTOR VEHICLE THEFT,STREET,false,9,2024,41.69576702,-87.62798408
08/25/2024 02:20:00 PM,ROBBERY,APARTMENT,false,7,2024,41.75539829,-87.56344385
08/26/2024 12:00:00 AM,DECEPTIVE PRACTICE,APARTMENT,false,17,2024,41.75127558,-87.67073422
08/25/2024 05:19:00 PM,ASSAULT,APARTMENT,false,20,2024,41.7774224,-87.64080538
08/25/2024 05:00:00 PM,MOTOR VEHICLE THEFT,STREET,false,36,2024,41.89573155,-87.6876338
08/25/2024 08:30:00 PM,THEFT,GAS STATION,false,28,2024,41.86844745,-87.64222859
08/25/2024 03:48:00 PM,THEFT,DEPARTMENT STORE,false,39,2024,41.97537028,-87.74402343
05/25/2024 09:00:00 AM,DECEPTIVE PRACTICE,RESIDENCE,false,3,2024,41.8321451,-87.62178837
08/25/2024 05:00:00 PM,ROBBERY,STREET,false,20,2024,41.79037135,-87.63288839
08/25/2024 03:55:00 AM,BATTERY,STREET,false,14,2024,41.79359842,-87.69898294
08/25/2024 07:00:00 PM,BURGLARY,APARTMENT,false,20,2024,41.78124671,-87.59137728
08/25/2024 01:20:00 PM,BURGLARY,RESIDENCE - GARAGE,false,46,2024,41.9664345,-87.6507713
08/25/2024 10:50:00 PM,ASSAULT,APARTMENT,false,11,2024,41.8312869,-87.64855071
08/25/2024 01:30:00 AM,MOTOR VEHICLE THEFT,STREET,false,43,2024,41.92910207,-87.6470609
08/25/2024 07:00:00 AM,CRIMINAL DAMAGE,STREET,false,27,2024,41.89636778,-87.64917085
08/25/2024 09:00:00 AM,ASSAULT,STREET,false,46,2024,41.96493707,-87.65000042
08/25/2024 10:25:00 AM,CRIMINAL DAMAGE,STREET,false,46,2024,41.96434342,-87.65679804
08/17/2024 05:24:00 PM,OTHER OFFENSE,APARTMENT,false,24,2024,41.85107434,-87.70644996
08/25/2024 11:37:00 AM,OTHER OFFENSE,RESIDENCE,true,9,2024,41.69758754,-87.61838156
08/25/2024 03:00:00 PM,BATTERY,SIDEWALK,false,27,2024,41.89587761,-87.70656663
08/25/2024 07:08:00 PM,PUBLIC PEACE VIOLATION,STREET,true,17,2024,41.76565599,-87.6832691
08/25/2024 01:00:00 AM,THEFT,GAS STATION,false,49,2024,42.01291539,-87.67468582
08/25/2024 12:26:00 PM,BATTERY,SMALL RETAIL STORE,false,26,2024,41.90294087,-87.69503287
08/25/2024 07:55:00 AM,THEFT,VEHICLE NON-COMMERCIAL,false,35,2024,41.93284557,-87.72088325
08/25/2024 03:10:00 PM,OTHER OFFENSE,STREET,false,5,2024,41.77786096,-87.59148597
08/25/2024 08:04:00 PM,THEFT,RESTAURANT,true,42,2024,41.89262841,-87.63115524
08/26/2024 12:00:00 AM,BATTERY,STREET,false,28,2024,41.88049015,-87.74592789
08/25/2024 03:00:00 PM,THEFT,VACANT LOT / LAND,false,19,2024,41.68693759,-87.72015681
08/25/2024 09:00:00 PM,BURGLARY,RESTAURANT,false,16,2024,41.7792114,-87.68690854
08/25/2024 04:40:00 PM,CRIMINAL TRESPASS,RESIDENCE - GARAGE,false,7,2024,41.76312848,-87.55969337
08/25/2024 01:15:00 PM,THEFT,DEPARTMENT STORE,true,46,2024,41.96307079,-87.65598421
08/25/2024 09:27:00 PM,BATTERY,RESTAURANT,false,15,2024,41.80856468,-87.66917584
08/25/2024 01:00:00 AM,BATTERY,BAR OR TAVERN,false,27,2024,41.88424955,-87.65014845
08/25/2024 09:24:00 PM,PUBLIC PEACE VIOLATION,STREET,true,16,2024,41.77244922,-87.64620382
08/25/2024 04:10:00 AM,CRIMINAL DAMAGE,APARTMENT,false,30,2024,41.93973818,-87.739522
08/25/2024 03:10:00 AM,ROBBERY,STREET,false,7,2024,41.75702248,-87.55807346
08/25/2024 08:00:00 AM,THEFT,RESIDENCE - PORCH / HALLWAY,false,4,2024,41.84162265,-87.61719144
08/25/2024 09:15:00 PM,BATTERY,APARTMENT,false,28,2024,41.87695523,-87.73628476
08/25/2024 06:03:00 AM,THEFT,GAS STATION,false,24,2024,41.86623545,-87.72051715
08/25/2024 08:00:00 PM,MOTOR VEHICLE THEFT,STREET,false,28,2024,41.88486975,-87.74911212
08/24/2024 12:08:00 AM,BATTERY,APARTMENT,true,45,2024,41.96690311,-87.76499463
08/25/2024 08:00:00 PM,BATTERY,APARTMENT,false,37,2024,41.90120003,-87.75330146
07/28/2024 06:49:00 PM,BATTERY,ALLEY,false,28,2024,41.87424874,-87.73405182
08/25/2024 07:30:00 PM,BATTERY,APARTMENT,false,41,2024,41.97784823,-87.84646896
08/25/2024 08:00:00 PM,THEFT,STREET,false,18,2024,41.74912934,-87.68708216
08/25/2024 05:50:00 AM,ROBBERY,STREET,false,4,2024,41.8097631,-87.59019365
09/08/21 16:45,HOMICIDE,CAR WASH,true,24,2021,41.87319145,-87.74344656
11/19/2010 09:00:00 AM,ROBBERY,RESIDENCE,true,17,2010,41.75535325,-87.65144019
03/20/2023 09:00:00 PM,MOTOR VEHICLE THEFT,PARKING LOT / GARAGE (NON RESIDENTIAL),false,33,2023,41.96590645,-87.70839577
09/01/23 1:30,SEX OFFENSE,STREET,false,22,2023,41.80714552,-87.74192176
09/01/23 3:41,SEX OFFENSE,STREET,false,14,2023,41.80399509,-87.74138957
09/01/23 13:09,BATTERY,RESIDENCE,false,10,2023,41.65483427,-87.60755843
09/01/23 2:10,SEX OFFENSE,STREET,false,22,2023,41.80764654,-87.74115789
07/30/2023 09:00:00 AM,DECEPTIVE PRACTICE,APARTMENT,false,7,2023,41.75293545,-87.5490632
11/10/23 22:30,MOTOR VEHICLE THEFT,STREET,false,50,2023,41.99278515,-87.71893317
11/10/23 3:40,DECEPTIVE PRACTICE,HOSPITAL BUILDING / GROUNDS,false,20,2023,41.77809913,-87.63382853
10/18/2023 03:04:00 PM,THEFT,APARTMENT,false,20,2023,41.77414036,-87.59970777
11/10/23 19:54,BATTERY,APARTMENT,false,48,2023,41.9733392,-87.65313205
11/10/23 14:30,THEFT,COMMERCIAL / BUSINESS OFFICE,false,14,2023,41.80805312,-87.70910336
11/10/23 18:30,BATTERY,RESIDENCE,false,18,2023,41.75149738,-87.71088663
11/10/23 18:00,CRIMINAL DAMAGE,STREET,false,28,2023,41.86614776,-87.68602617
11/10/23 21:00,CRIMINAL DAMAGE,RESIDENCE - PORCH / HALLWAY,false,32,2023,41.94154435,-87.66756606
11/10/23 18:30,CRIMINAL DAMAGE,STREET,false,8,2023,41.76374073,-87.59093022
11/10/23 16:30,BATTERY,SIDEWALK,false,45,2023,41.95548284,-87.74667356
11/10/23 3:00,ASSAULT,RESIDENCE,false,27,2023,41.9026915,-87.64063987
10/07/23 23:00,CRIMINAL TRESPASS,DRIVEWAY - RESIDENTIAL,false,6,2023,41.75953427,-87.60907381
11/10/23 12:01,THEFT,APARTMENT,false,8,2023,41.71176041,-87.5998425
09/06/23 14:00,CRIMINAL DAMAGE,STREET,false,26,2023,41.90713095,-87.69447314
08/25/2024 01:10:00 PM,BATTERY,APARTMENT,false,26,2024,41.90299923,-87.68877648
09/06/23 9:22,CRIMINAL DAMAGE,STREET,false,11,2023,41.81897033,-87.64254439
09/06/23 2:10,BATTERY,APARTMENT,false,17,2023,41.74643135,-87.64634573
09/06/23 17:38,BATTERY,APARTMENT,false,18,2023,41.76029697,-87.6843458
09/06/23 12:58,BATTERY,APARTMENT,false,20,2023,41.77988171,-87.63678991
09/06/23 5:16,OTHER OFFENSE,OTHER (SPECIFY),false,25,2023,41.85305866,-87.65019051
09/06/23 21:30,THEFT,STREET,false,4,2023,41.84387939,-87.62043259
09/06/23 20:50,BURGLARY,PARK PROPERTY,false,11,2023,41.85868659,-87.6318901
08/25/2024 11:20:00 PM,BATTERY,RESIDENCE,true,16,2024,41.7971678,-87.66588289
09/06/23 16:41,MOTOR VEHICLE THEFT,PARKING LOT / GARAGE (NON RESIDENTIAL),false,31,2023,41.93540928,-87.74675098
09/06/23 12:00,ASSAULT,OTHER (SPECIFY),false,33,2023,41.96846253,-87.70761329
09/06/23 17:30,THEFT,PARK PROPERTY,false,46,2023,41.96607814,-87.64715324
09/06/23 19:54,THEFT,SMALL RETAIL STORE,false,8,2023,41.73627709,-87.58521219
09/06/23 17:30,MOTOR VEHICLE THEFT,STREET,false,6,2023,41.76365995,-87.62686344
09/06/23 17:05,CRIMINAL DAMAGE,STREET,false,29,2023,41.89194395,-87.76877046
09/06/23 9:32,ASSAULT,APARTMENT,false,6,2023,41.74877662,-87.60516736
09/06/23 8:15,CRIMINAL DAMAGE,STREET,false,6,2023,41.76992556,-87.63726788
09/06/23 18:20,CRIMINAL DAMAGE,STREET,false,37,2023,41.91347275,-87.76437036
09/06/23 23:11,BURGLARY,GROCERY FOOD STORE,false,15,2023,41.80980337,-87.64556634
09/06/23 6:45,THEFT,STREET,false,48,2023,41.98715762,-87.66835632
09/06/23 18:00,CRIMINAL DAMAGE,STREET,false,4,2023,41.8060608,-87.59099935
08/17/2023 06:00:00 PM,MOTOR VEHICLE THEFT,STREET,true,30,2023,41.93905144,-87.73043892
07/24/2023 09:00:00 AM,DECEPTIVE PRACTICE,RESIDENCE,false,49,2023,42.01378764,-87.67318283
09/06/23 19:00,OTHER OFFENSE,RESIDENCE,true,41,2023,42.00029901,-87.80798102
08/25/2024 11:00:00 AM,CRIMINAL DAMAGE,APARTMENT,false,7,2024,41.75836562,-87.56150984
09/06/23 15:10,ASSAULT,ALLEY,false,6,2023,41.76889118,-87.61413359
09/06/23 10:30,ASSAULT,OTHER (SPECIFY),false,29,2023,41.87296355,-87.7536633
09/06/23 19:05,NARCOTICS,STREET,true,28,2023,41.88041411,-87.72811149
09/06/23 0:32,OTHER OFFENSE,RESIDENCE,false,10,2023,41.70202782,-87.56398196
09/05/23 8:00,ROBBERY,SIDEWALK,false,37,2023,41.90264247,-87.728111
09/06/23 21:30,THEFT,STREET,false,4,2023,41.80530964,-87.58899806
09/06/23 9:42,CRIMINAL TRESPASS,BANK,true,34,2023,41.88777118,-87.64430467
09/06/23 18:00,MOTOR VEHICLE THEFT,APARTMENT,false,40,2023,41.97392235,-87.67934257
09/06/23 20:49,CRIMINAL DAMAGE,STREET,false,3,2023,41.85384294,-87.62384204
09/05/23 12:00,DECEPTIVE PRACTICE,APARTMENT,false,16,2023,41.77672415,-87.68723414
09/06/23 19:00,MOTOR VEHICLE THEFT,STREET,false,29,2023,41.89761812,-87.76913922
09/06/23 9:00,THEFT,STREET,false,36,2023,41.92084865,-87.7731786
09/06/23 18:00,BURGLARY,APARTMENT,false,3,2023,41.85519055,-87.6238712
09/06/23 2:52,CRIMINAL TRESPASS,RESIDENCE,false,33,2023,41.96722233,-87.70966254
09/06/23 16:07,MOTOR VEHICLE THEFT,RESIDENCE,false,20,2023,41.78852441,-87.61906612
09/06/23 13:30,ASSAULT,DRUG STORE,false,42,2023,41.88447623,-87.63131061
09/06/23 11:00,CRIMINAL DAMAGE,RESIDENCE - GARAGE,false,7,2023,41.75447615,-87.56507476
08/30/2023 10:00:00 AM,DECEPTIVE PRACTICE,APARTMENT,false,28,2023,41.87284447,-87.699441
09/06/23 0:35,BATTERY,APARTMENT,false,15,2023,41.78221163,-87.69835455
09/06/23 21:55,BATTERY,SIDEWALK,false,9,2023,41.68626771,-87.61979192
09/06/23 22:00,BATTERY,APARTMENT,false,48,2023,41.98078211,-87.66680808
09/06/23 1:21,BURGLARY,PARKING LOT / GARAGE (NON RESIDENTIAL),true,26,2023,41.9206596,-87.74044483
09/06/23 20:00,MOTOR VEHICLE THEFT,STREET,false,18,2023,41.75473072,-87.68663749
09/06/23 3:30,OFFENSE INVOLVING CHILDREN,APARTMENT,true,35,2023,41.92147059,-87.73280178
09/06/23 22:30,OTHER OFFENSE,APARTMENT,false,37,2023,41.88302827,-87.76163663
09/06/23 10:06,ROBBERY,SMALL RETAIL STORE,false,14,2023,41.81797649,-87.7239343
09/06/23 20:00,THEFT,VEHICLE NON-COMMERCIAL,false,3,2023,41.81383396,-87.6167124
08/25/2024 10:00:00 PM,BATTERY,SIDEWALK,false,27,2024,41.88382912,-87.69636154
09/06/23 14:00,ASSAULT,APARTMENT,false,48,2023,41.97418701,-87.65635555
09/01/23 14:30,THEFT,RESIDENCE,false,6,2023,41.73192176,-87.61530451
08/25/2024 01:40:00 AM,BATTERY,APARTMENT,false,27,2024,41.89252748,-87.71988759
09/06/23 21:25,BATTERY,RESIDENCE - YARD (FRONT / BACK),false,21,2023,41.69401925,-87.65540571
09/06/23 14:00,MOTOR VEHICLE THEFT,STREET,false,27,2023,41.87860416,-87.68509631
07/23/2023 12:00:00 AM,OTHER OFFENSE,RESIDENCE,false,18,2023,41.75463936,-87.67682005
09/06/23 2:30,CRIMINAL DAMAGE,STREET,false,6,2023,41.74506971,-87.61354571
09/06/23 12:25,BURGLARY,RESIDENCE,false,6,2023,41.76800205,-87.61853502
09/06/23 3:01,BURGLARY,RESIDENCE - GARAGE,false,40,2023,41.97187292,-87.69256893
09/06/23 21:10,BATTERY,APARTMENT,true,7,2023,41.75536484,-87.56582647
09/06/23 2:10,CRIMINAL TRESPASS,BAR OR TAVERN,true,45,2023,41.96110208,-87.76726326
08/29/2023 03:56:00 PM,CRIMINAL TRESPASS,RESIDENCE - YARD (FRONT / BACK),false,16,2023,41.78767082,-87.64741635
09/06/23 8:05,THEFT,STREET,false,20,2023,41.78309281,-87.60844576
09/06/23 18:18,THEFT,SMALL RETAIL STORE,false,46,2023,41.96307079,-87.65598421
09/06/23 19:00,MOTOR VEHICLE THEFT,STREET,false,18,2023,41.75255818,-87.71625267
09/06/23 23:00,MOTOR VEHICLE THEFT,PARKING LOT / GARAGE (NON RESIDENTIAL),false,10,2023,41.66581486,-87.55885388
09/06/23 1:34,ASSAULT,APARTMENT,false,37,2023,41.89119345,-87.75581232
04/19/2023 11:30:00 AM,KIDNAPPING,STREET,false,24,2023,41.86628662,-87.71572561
09/06/23 20:01,BURGLARY,RESIDENCE,false,37,2023,41.8940089,-87.75143458
09/06/23 23:25,ROBBERY,BAR OR TAVERN,true,40,2023,41.96764805,-87.69376956
09/06/23 0:53,MOTOR VEHICLE THEFT,STREET,false,24,2023,41.85148767,-87.72877699
09/06/23 2:00,THEFT,STREET,false,1,2023,41.90599196,-87.67837587
09/06/23 6:15,THEFT,LAKEFRONT / WATERFRONT / RIVERBANK,false,46,2023,41.96203391,-87.64589873
09/06/23 23:50,ROBBERY,STREET,false,17,2023,41.76118916,-87.65401376
09/06/23 2:35,BATTERY,STREET,false,8,2023,41.74325563,-87.60136759
08/25/2024 05:32:00 PM,BATTERY,PARKING LOT / GARAGE (NON RESIDENTIAL),false,47,2024,41.96881582,-87.67461815
09/06/23 2:00,ASSAULT,STREET,false,21,2023,41.68091676,-87.63235978
09/06/23 13:30,ROBBERY,PARKING LOT / GARAGE (NON RESIDENTIAL),false,28,2023,41.86854191,-87.63923536
09/06/23 21:55,CRIMINAL DAMAGE,STREET,false,26,2023,41.91730907,-87.71447333
09/06/23 10:30,THEFT,STREET,false,4,2023,41.83368122,-87.61243999
09/06/23 10:59,CRIMINAL TRESPASS,STREET,false,35,2023,41.93049232,-87.71091716
09/06/23 21:00,THEFT,STREET,false,5,2023,41.77167666,-87.57238829
09/06/23 15:00,THEFT,PARKING LOT / GARAGE (NON RESIDENTIAL),false,20,2023,41.7897173,-87.62557633
08/25/2024 10:40:00 AM,THEFT,STREET,false,44,2024,41.94528454,-87.64154272
09/06/23 11:57,CRIMINAL DAMAGE,SCHOOL - PUBLIC BUILDING,false,25,2023,41.85730738,-87.64477861
09/06/23 18:22,OTHER OFFENSE,STREET,false,50,2023,41.99536686,-87.68490232
09/06/23 22:52,OTHER OFFENSE,STREET,true,30,2023,41.94742814,-87.74712604
09/06/23 14:45,BATTERY,SIDEWALK,false,24,2023,41.86823423,-87.70495329
09/07/23 0:00,DECEPTIVE PRACTICE,AIRPORT TERMINAL LOWER LEVEL - SECURE AREA,false,41,2023,41.97618213,-87.87642115
09/06/23 15:00,THEFT,STREET,false,7,2023,41.71345022,-87.57023696
09/06/23 13:15,OTHER OFFENSE,STREET,true,49,2023,42.0149119,-87.6711289
08/29/2023 10:45:00 AM,THEFT,NURSING / RETIREMENT HOME,false,4,2023,41.81270843,-87.60444003
09/06/23 12:00,THEFT,APARTMENT,false,9,2023,41.70399846,-87.62061763
09/06/23 12:00,THEFT,APARTMENT,false,33,2023,41.94556028,-87.70728224
08/31/2023 12:00:00 PM,DECEPTIVE PRACTICE,APARTMENT,false,27,2023,41.90995935,-87.6385554
09/06/23 12:00,MOTOR VEHICLE THEFT,STREET,false,45,2023,41.98121932,-87.78352534
09/06/23 1:28,ROBBERY,HOTEL / MOTEL,false,11,2023,41.84966653,-87.63194093
09/06/23 23:30,BATTERY,APARTMENT,true,32,2023,41.94680911,-87.68264136
08/19/2023 03:00:00 PM,DECEPTIVE PRACTICE,COMMERCIAL / BUSINESS OFFICE,false,18,2023,41.73483371,-87.66304071
09/06/23 2:00,MOTOR VEHICLE THEFT,STREET,false,9,2023,41.72476817,-87.62874029
09/06/23 1:00,CRIMINAL DAMAGE,STREET,false,8,2023,41.74531692,-87.59412899
09/06/23 9:30,THEFT,PARK PROPERTY,false,49,2023,42.0025757,-87.65915619
08/03/23 19:55,THEFT,PARK PROPERTY,false,42,2023,41.87411982,-87.62422367
08/25/2024 06:59:00 PM,BATTERY,SIDEWALK,false,42,2024,41.89453984,-87.62424392
09/06/23 19:30,THEFT,RESIDENCE - YARD (FRONT / BACK),false,48,2023,41.99812694,-87.66612678
09/06/23 11:45,BATTERY,CONVENIENCE STORE,false,37,2023,41.89947656,-87.72620879
09/06/23 18:00,ASSAULT,APARTMENT,false,46,2023,41.9504919,-87.64959595
09/06/23 13:30,THEFT,PARK PROPERTY,false,45,2023,41.96498423,-87.75824607
09/06/23 17:30,THEFT,STREET,false,4,2023,41.80379923,-87.59053031
09/06/23 7:40,THEFT,SMALL RETAIL STORE,false,42,2023,41.89364666,-87.63117714
09/06/23 19:35,THEFT,SMALL RETAIL STORE,false,48,2023,41.98410903,-87.66085538
09/06/23 8:34,CRIMINAL DAMAGE,COMMERCIAL / BUSINESS OFFICE,false,18,2023,41.73516241,-87.70368375
09/06/23 7:00,CRIMINAL DAMAGE,STREET,false,16,2023,41.7712251,-87.6858633
09/06/23 2:30,MOTOR VEHICLE THEFT,GAS STATION,false,23,2023,41.77111324,-87.72256712
09/06/23 10:15,SEX OFFENSE,SIDEWALK,false,47,2023,41.94396785,-87.66999993
09/06/23 19:00,MOTOR VEHICLE THEFT,STREET,false,7,2023,41.71784334,-87.56111949
09/06/23 20:00,ASSAULT,RESIDENCE,false,7,2023,41.74905864,-87.56012618
09/06/23 8:30,ASSAULT,CTA BUS STOP,false,19,2023,41.68479668,-87.7200966
09/06/23 9:00,THEFT,RESIDENCE,false,9,2023,41.72656648,-87.63606562
09/06/23 11:41,DECEPTIVE PRACTICE,STREET,true,42,2023,41.90239422,-87.62697816
09/06/23 19:00,MOTOR VEHICLE THEFT,STREET,false,10,2023,41.7022446,-87.56397937
09/06/23 15:15,BATTERY,RESIDENCE - YARD (FRONT / BACK),false,11,2023,41.82849936,-87.64361241
09/06/23 16:30,BURGLARY,SMALL RETAIL STORE,false,6,2023,41.75852494,-87.60872964
09/06/23 6:30,THEFT,STREET,false,1,2023,41.90705021,-87.6634501
09/06/23 15:32,THEFT,GROCERY FOOD STORE,false,32,2023,41.93543292,-87.66850434
09/06/23 9:41,THEFT,DEPARTMENT STORE,false,49,2023,41.99873416,-87.66061312
09/06/23 19:03,OTHER OFFENSE,STREET,true,26,2023,41.91715988,-87.72714715
09/06/23 23:00,MOTOR VEHICLE THEFT,PARKING LOT / GARAGE (NON RESIDENTIAL),false,28,2023,41.88051514,-87.7438419
08/07/23 0:00,DECEPTIVE PRACTICE,APARTMENT,false,33,2023,41.9490503,-87.7066636
09/06/23 7:10,OTHER OFFENSE,SMALL RETAIL STORE,false,42,2023,41.89914529,-87.62791022
09/06/23 15:57,THEFT,OTHER (SPECIFY),false,4,2023,41.86708141,-87.61900371
09/06/23 10:30,CRIMINAL TRESPASS,STREET,false,8,2023,41.74512181,-87.60137571
09/06/23 20:10,DECEPTIVE PRACTICE,OTHER (SPECIFY),false,38,2023,41.9382685,-87.83246165
09/06/23 22:18,CRIMINAL DAMAGE,STREET,false,17,2023,41.7478257,-87.64638584
09/06/23 18:00,MOTOR VEHICLE THEFT,STREET,false,27,2023,41.89189399,-87.70675248
09/06/23 21:10,OFFENSE INVOLVING CHILDREN,APARTMENT,false,12,2023,41.80899079,-87.70642393
08/14/2023 03:00:00 PM,BURGLARY,APARTMENT,false,17,2023,41.75330763,-87.66715475
09/06/23 22:00,THEFT,PARKING LOT / GARAGE (NON RESIDENTIAL),false,14,2023,41.80785104,-87.725149
08/25/2024 07:00:00 PM,THEFT,RESTAURANT,false,42,2024,41.89198447,-87.62416567
08/25/2024 03:35:00 AM,BATTERY,APARTMENT,false,6,2024,41.75969157,-87.61270427
09/06/23 23:58,CRIMINAL DAMAGE,STREET,false,46,2023,41.95573662,-87.6561685
09/06/23 1:30,ASSAULT,RESIDENCE,false,16,2023,41.77658914,-87.67505278
09/06/23 17:40,OFFENSE INVOLVING CHILDREN,APARTMENT,false,34,2023,41.86811607,-87.63237812
09/06/23 13:26,PUBLIC PEACE VIOLATION,ALLEY,false,20,2023,41.80074086,-87.65139931
09/06/23 11:20,THEFT,PARKING LOT / GARAGE (NON RESIDENTIAL),false,28,2023,41.86539738,-87.64066078
06/12/23 15:00,MOTOR VEHICLE THEFT,STREET,false,3,2023,41.81398653,-87.61258752
08/25/2024 03:37:00 AM,MOTOR VEHICLE THEFT,STREET,false,3,2024,41.79765243,-87.62091948
09/06/23 15:30,ASSAULT,RESIDENCE - PORCH / HALLWAY,false,50,2023,42.00538405,-87.70932675
09/06/23 15:33,THEFT,DEPARTMENT STORE,false,14,2023,41.81782278,-87.72392842
06/05/23 12:00,THEFT,BAR OR TAVERN,false,49,2023,42.00789361,-87.66661712
09/06/23 9:11,ASSAULT,APARTMENT,false,27,2023,41.87753281,-87.67238752
09/06/23 0:40,CRIMINAL DAMAGE,RESIDENCE,false,17,2023,41.74408176,-87.67056268
09/06/23 6:00,BATTERY,APARTMENT,false,27,2023,41.89713193,-87.65679165
09/06/23 9:41,ASSAULT,STREET,false,9,2023,41.66294403,-87.64141128
09/06/23 17:00,DECEPTIVE PRACTICE,RESIDENCE - GARAGE,false,33,2023,41.94964068,-87.71279687
09/06/23 16:00,BATTERY,ALLEY,false,24,2023,41.86685369,-87.71299602
09/06/23 11:45,CRIMINAL DAMAGE,GOVERNMENT BUILDING / PROPERTY,true,37,2023,41.90952402,-87.75398658
09/06/23 15:02,THEFT,TAVERN / LIQUOR STORE,false,15,2023,41.78634316,-87.69760977
09/06/23 3:48,BATTERY,RESIDENCE,false,21,2023,41.71882357,-87.64314179
09/06/23 0:18,DECEPTIVE PRACTICE,CONVENIENCE STORE,false,16,2023,41.7796184,-87.65376796
09/06/23 15:30,BATTERY,STREET,false,11,2023,41.82849936,-87.64361241
08/26/2023 01:50:00 AM,CRIMINAL DAMAGE,SCHOOL - PUBLIC BUILDING,false,14,2023,41.79339092,-87.7117283
09/06/23 10:00,BURGLARY,COMMERCIAL / BUSINESS OFFICE,false,20,2023,41.78003628,-87.60463783
09/06/23 18:00,CRIMINAL DAMAGE,STREET,false,4,2023,41.80749934,-87.59023448
09/06/23 21:00,CRIMINAL DAMAGE,STREET,false,10,2023,41.73185965,-87.55477843
09/06/23 6:00,BATTERY,APARTMENT,false,28,2023,41.88108866,-87.72076449
09/06/23 13:58,BATTERY,RESIDENCE,false,8,2023,41.7449733,-87.59660272
09/06/23 20:10,BATTERY,STREET,false,10,2023,41.70013456,-87.5619832
09/06/23 18:07,THEFT,RESIDENCE - PORCH / HALLWAY,false,1,2023,41.91832094,-87.70523743
09/06/23 13:30,ROBBERY,BANK,false,10,2023,41.72787262,-87.55120713
09/06/23 22:30,MOTOR VEHICLE THEFT,STREET,false,6,2023,41.76183073,-87.62751028
09/06/23 1:50,OTHER OFFENSE,POLICE FACILITY / VEHICLE PARKING LOT,false,20,2023,41.80171934,-87.63070362
09/06/23 18:45,DECEPTIVE PRACTICE,CTA PLATFORM,false,4,2023,41.86742869,-87.62634257
09/06/23 8:45,OTHER OFFENSE,AUTO / BOAT / RV DEALERSHIP,false,31,2023,41.92992517,-87.74652561
09/06/23 15:30,THEFT,SMALL RETAIL STORE,false,21,2023,41.68507436,-87.64277407
09/06/23 11:45,BATTERY,SCHOOL - PUBLIC BUILDING,false,6,2023,41.76525416,-87.64125515
09/06/23 18:15,CRIMINAL SEXUAL ASSAULT,COLLEGE / UNIVERSITY - RESIDENCE HALL,false,4,2023,41.87133667,-87.625925
09/06/23 22:00,THEFT,STREET,false,45,2023,41.97304656,-87.7709563
08/25/2024 02:20:00 AM,MOTOR VEHICLE THEFT,PARKING LOT / GARAGE (NON RESIDENTIAL),false,43,2024,41.92820201,-87.64203601
09/06/23 19:00,NARCOTICS,PARK PROPERTY,true,28,2023,41.88326797,-87.71215055
09/06/23 18:00,CRIMINAL DAMAGE,STREET,false,4,2023,41.80713554,-87.58999294
09/06/23 2:30,MOTOR VEHICLE THEFT,VEHICLE NON-COMMERCIAL,false,23,2023,41.76335807,-87.71746875
09/06/23 19:45,THEFT,STREET,false,4,2023,41.80689027,-87.58983438
09/06/23 8:46,BATTERY,APARTMENT,true,35,2023,41.92537055,-87.72557751
09/06/23 11:25,CRIMINAL TRESPASS,RESIDENCE - PORCH / HALLWAY,false,40,2023,41.98260385,-87.69671309
09/07/23 0:00,BATTERY,STREET,false,7,2023,41.75131717,-87.56380046
09/06/23 13:24,OTHER OFFENSE,COMMERCIAL / BUSINESS OFFICE,false,32,2023,41.91081797,-87.6545604
09/06/23 22:50,ROBBERY,STREET,false,39,2023,41.98296377,-87.7169054
09/06/23 21:30,CRIMINAL DAMAGE,STREET,false,26,2023,41.9173366,-87.71245591
09/06/23 10:10,BATTERY,STREET,false,8,2023,41.74922413,-87.57715731
09/06/23 21:29,BATTERY,APARTMENT,true,16,2023,41.8007726,-87.67327595
08/17/2023 12:00:00 PM,ASSAULT,APARTMENT,false,25,2023,41.85552287,-87.68084386
09/06/23 18:18,PUBLIC PEACE VIOLATION,STREET,true,16,2023,41.78999432,-87.65233829
09/06/23 17:30,MOTOR VEHICLE THEFT,STREET,false,17,2023,41.75174274,-87.66186068
08/28/2023 07:30:00 PM,THEFT,COMMERCIAL / BUSINESS OFFICE,false,34,2023,41.88309289,-87.65038478
09/06/23 21:00,ASSAULT,APARTMENT,false,33,2023,41.95659747,-87.70076612
09/06/23 3:34,ASSAULT,STREET,false,14,2023,41.80160788,-87.73932467
09/06/23 5:40,THEFT,STREET,false,35,2023,41.92634643,-87.72485902
09/06/23 19:00,BATTERY,DEPARTMENT STORE,false,36,2023,41.92807654,-87.78560619
09/06/23 13:19,MOTOR VEHICLE THEFT,STREET,false,9,2023,41.6810244,-87.61468454
09/02/23 2:00,DECEPTIVE PRACTICE,APARTMENT,false,42,2023,41.89075699,-87.63613388
09/06/23 21:33,OTHER OFFENSE,STREET,false,17,2023,41.74427848,-87.64750096
09/06/23 22:09,PUBLIC PEACE VIOLATION,STREET,true,6,2023,41.75850964,-87.60934922
09/06/23 17:15,BATTERY,STREET,false,43,2023,41.91311018,-87.63320866
09/06/23 7:30,BATTERY,APARTMENT,false,7,2023,41.71656332,-87.56462908
09/06/23 0:21,ASSAULT,APARTMENT,false,24,2023,41.8726825,-87.71401546
09/06/23 7:00,BATTERY,APARTMENT,false,4,2023,41.82213036,-87.60327658
09/06/23 22:30,ROBBERY,GAS STATION,false,3,2023,41.79467209,-87.62357087
08/25/2024 06:00:00 PM,THEFT,PARKING LOT / GARAGE (NON RESIDENTIAL),false,36,2024,41.91571587,-87.74605323
09/06/23 11:00,THEFT,AIRPORT TERMINAL LOWER LEVEL - NON-SECURE AREA,false,13,2023,41.78898704,-87.74147999
09/06/23 21:22,ASSAULT,PARK PROPERTY,false,46,2023,41.96590572,-87.64539748
09/06/23 15:45,ASSAULT,STREET,false,24,2023,41.85896566,-87.71585846
09/06/23 0:23,ROBBERY,STREET,false,33,2023,41.95391683,-87.70836586
09/06/23 9:00,ASSAULT,APARTMENT,false,6,2023,41.76520694,-87.61041391
09/06/23 15:02,THEFT,SMALL RETAIL STORE,true,15,2023,41.80859321,-87.66557723
08/14/2023 03:00:00 PM,DECEPTIVE PRACTICE,DEPARTMENT STORE,false,42,2023,41.89381253,-87.62422992
09/06/23 4:31,CRIMINAL DAMAGE,APARTMENT,false,30,2023,41.94438634,-87.72733776
09/06/23 5:00,SEX OFFENSE,RESIDENCE,false,37,2023,41.88308863,-87.76328861
09/06/23 2:30,CRIMINAL SEXUAL ASSAULT,HOSPITAL BUILDING / GROUNDS,false,42,2023,41.89221925,-87.60468265
08/25/2024 10:03:00 PM,PUBLIC PEACE VIOLATION,SIDEWALK,true,17,2024,41.7713041,-87.65671144
09/05/23 22:10,CRIMINAL DAMAGE,PARKING LOT / GARAGE (NON RESIDENTIAL),false,34,2023,41.87922585,-87.64663642
09/06/23 14:30,DECEPTIVE PRACTICE,APARTMENT,false,50,2023,41.99636357,-87.70323823
09/06/23 9:30,THEFT,AIRPORT TERMINAL LOWER LEVEL - SECURE AREA,false,13,2023,41.78898704,-87.74147999
09/06/23 18:09,ROBBERY,PARKING LOT / GARAGE (NON RESIDENTIAL),false,12,2023,41.8225226,-87.69049409
09/06/23 14:49,THEFT,SMALL RETAIL STORE,true,42,2023,41.89169488,-87.62615583
09/06/23 22:23,ASSAULT,STREET,false,3,2023,41.84884597,-87.62924489
09/06/23 1:00,BATTERY,STREET,true,8,2023,41.73955239,-87.60247589
08/12/23 0:01,DECEPTIVE PRACTICE,RESIDENCE,false,15,2023,41.80767293,-87.67587906
08/14/2023 04:03:00 AM,DECEPTIVE PRACTICE,OTHER (SPECIFY),false,49,2023,42.00692256,-87.67000125
09/06/23 23:54,ASSAULT,ALLEY,false,49,2023,42.00155296,-87.65929943
09/06/23 8:03,MOTOR VEHICLE THEFT,STREET,false,4,2023,41.81257944,-87.60443782
09/06/23 19:48,CRIMINAL DAMAGE,APARTMENT,false,7,2023,41.74590509,-87.54914144
09/06/23 22:15,ROBBERY,STREET,false,14,2023,41.78205732,-87.70322518
09/06/23 22:17,BATTERY,RESIDENCE,false,10,2023,41.70221832,-87.53045097
08/31/2023 05:45:00 PM,DECEPTIVE PRACTICE,VEHICLE - COMMERCIAL,false,9,2023,41.72184048,-87.61727759
09/01/23 20:00,THEFT,STREET,false,47,2023,41.96020189,-87.68379197
09/06/23 21:58,PUBLIC PEACE VIOLATION,APARTMENT,false,26,2023,41.90163129,-87.70940862
09/06/23 16:00,ASSAULT,SCHOOL - PUBLIC GROUNDS,false,8,2023,41.73709431,-87.57299818
09/06/23 11:19,OTHER OFFENSE,RESIDENCE,false,30,2023,41.93950984,-87.76489245
09/07/23 0:00,MOTOR VEHICLE THEFT,STREET,false,8,2023,41.72727413,-87.58791764
08/23/2023 03:00:00 PM,THEFT,APARTMENT,false,28,2023,41.86849436,-87.68364177
09/06/23 17:00,DECEPTIVE PRACTICE,OTHER (SPECIFY),false,7,2023,41.72238516,-87.58181284
09/06/23 11:00,THEFT,PARKING LOT / GARAGE (NON RESIDENTIAL),false,4,2023,41.87183477,-87.62615082
09/06/23 19:48,BATTERY,RESIDENCE,false,7,2023,41.74590509,-87.54914144
09/06/23 16:50,THEFT,STREET,false,28,2023,41.88098896,-87.70485404
09/06/23 15:07,OTHER OFFENSE,STREET,false,40,2023,41.97631047,-87.68916679
09/06/23 17:30,MOTOR VEHICLE THEFT,RESIDENCE - YARD (FRONT / BACK),false,3,2023,41.79739993,-87.62091494
09/06/23 21:00,ASSAULT,RESIDENCE,false,24,2023,41.87002813,-87.70882386
08/25/2024 02:00:00 AM,THEFT,STREET,false,10,2024,41.73666524,-87.55280051
08/20/2023 02:00:00 AM,MOTOR VEHICLE THEFT,STREET,false,10,2023,41.70775621,-87.58070877
09/06/23 17:29,BURGLARY,APARTMENT,false,17,2023,41.73773115,-87.65499749
09/06/23 7:00,THEFT,RESIDENCE - PORCH / HALLWAY,false,7,2023,41.7211832,-87.56235057
09/06/23 13:01,ROBBERY,STREET,false,37,2023,41.90075729,-87.73178739
09/06/23 3:00,THEFT,STREET,false,9,2023,41.71181076,-87.63931992
08/25/2024 01:30:00 AM,BATTERY,APARTMENT,true,9,2024,41.69564696,-87.61832615
09/06/23 23:00,MOTOR VEHICLE THEFT,STREET,false,34,2023,41.86681074,-87.62581703
09/06/23 0:22,BATTERY,ALLEY,false,35,2023,41.92342294,-87.73041337
09/06/23 14:51,BATTERY,SCHOOL - PUBLIC GROUNDS,false,15,2023,41.7931952,-87.6876885
09/06/23 4:30,BATTERY,APARTMENT,false,24,2023,41.86169934,-87.72260523
09/06/23 8:40,THEFT,GAS STATION,false,26,2023,41.9029232,-87.69728851
09/06/23 17:12,THEFT,STREET,true,26,2023,41.90483759,-87.68775144
09/06/23 14:25,ASSAULT,SCHOOL - PUBLIC GROUNDS,false,18,2023,41.7449912,-87.71761499
09/06/23 20:00,MOTOR VEHICLE THEFT,STREET,false,50,2023,41.99757383,-87.69876753
09/06/23 12:36,ASSAULT,WAREHOUSE,false,17,2023,41.75898158,-87.66363247
09/02/23 9:00,DECEPTIVE PRACTICE,APARTMENT,false,49,2023,42.01128199,-87.68178964
09/06/23 16:13,CRIMINAL DAMAGE,PARKING LOT / GARAGE (NON RESIDENTIAL),false,16,2023,41.76750868,-87.68332005
09/06/23 22:30,CRIMINAL DAMAGE,APARTMENT,false,37,2023,41.89937901,-87.75570919
09/06/23 21:00,BATTERY,STREET,false,27,2023,41.89247493,-87.71622631
08/24/2023 07:45:00 PM,THEFT,CTA TRAIN,false,1,2023,41.90982859,-87.67744759
09/06/23 10:13,CRIMINAL DAMAGE,RESIDENCE,false,16,2023,41.79310257,-87.65727433
09/06/23 21:25,CRIMINAL TRESPASS,PARKING LOT / GARAGE (NON RESIDENTIAL),true,17,2023,41.74988027,-87.66342658
09/07/23 0:00,PUBLIC PEACE VIOLATION,RESIDENCE - YARD (FRONT / BACK),true,29,2023,41.87999676,-87.7618142
09/06/23 14:15,ASSAULT,RESIDENCE - YARD (FRONT / BACK),false,16,2023,41.79693636,-87.66101873
09/01/23 10:00,CRIMINAL DAMAGE,APARTMENT,false,6,2023,41.77495344,-87.6368689
09/06/23 22:00,MOTOR VEHICLE THEFT,PARKING LOT / GARAGE (NON RESIDENTIAL),false,50,2023,42.00026563,-87.69971572
09/06/23 10:30,ASSAULT,APARTMENT,false,41,2023,41.96704074,-87.78196317
09/06/23 16:35,BATTERY,RESTAURANT,false,46,2023,41.96542318,-87.65562101
09/06/23 20:20,PUBLIC PEACE VIOLATION,APARTMENT,false,19,2023,41.69133997,-87.67749338
09/06/23 8:30,ASSAULT,STREET,false,31,2023,41.92789992,-87.74706232
09/06/23 22:15,ROBBERY,STREET,false,20,2023,41.78041566,-87.60560879
09/06/23 14:30,CRIMINAL DAMAGE,STREET,false,28,2023,41.87968721,-87.73183081
09/06/23 15:00,CRIMINAL DAMAGE,STREET,false,37,2023,41.90506883,-87.74724185
08/25/2024 04:30:00 PM,BATTERY,APARTMENT,false,29,2024,41.87570983,-87.75843391
08/25/2024 05:00:00 AM,OFFENSE INVOLVING CHILDREN,APARTMENT,false,29,2024,41.87496014,-87.74639712
09/06/23 19:00,CRIMINAL DAMAGE,PARKING LOT / GARAGE (NON RESIDENTIAL),false,4,2023,41.83469081,-87.61370565
09/06/23 5:00,CRIMINAL SEXUAL ASSAULT,RESIDENCE,false,37,2023,41.88773966,-87.76374673
09/06/23 18:00,CRIMINAL DAMAGE,STREET,false,4,2023,41.80689027,-87.58983438
09/06/23 14:19,THEFT,ALLEY,false,4,2023,41.86924442,-87.62707888
09/06/23 21:00,MOTOR VEHICLE THEFT,PARKING LOT / GARAGE (NON RESIDENTIAL),false,38,2023,41.94470522,-87.78994836
09/06/23 15:00,MOTOR VEHICLE THEFT,STREET,false,44,2023,41.9410841,-87.64764917
09/06/23 21:00,MOTOR VEHICLE THEFT,STREET,false,1,2023,41.90834745,-87.66850993
09/06/23 16:00,THEFT,STREET,false,1,2023,41.90742061,-87.68592533
09/06/23 11:10,THEFT,SMALL RETAIL STORE,false,21,2023,41.68234318,-87.66260466
09/06/23 0:30,THEFT,APARTMENT,false,46,2023,41.96169257,-87.66148088
04/09/23 0:00,THEFT,PARKING LOT / GARAGE (NON RESIDENTIAL),false,44,2023,41.93275517,-87.64715037
09/06/23 21:30,BATTERY,ALLEY,false,17,2023,41.75444191,-87.6336017
09/06/23 11:30,THEFT,RESIDENCE - PORCH / HALLWAY,false,20,2023,41.78568756,-87.61654192
08/25/2024 09:37:00 PM,PUBLIC PEACE VIOLATION,SIDEWALK,true,24,2024,41.8656026,-87.71661697
09/07/23 0:00,ASSAULT,DRUG STORE,false,22,2023,41.84425276,-87.72494385
09/06/23 2:00,THEFT,STREET,false,32,2023,41.91501076,-87.68245744
09/06/23 16:30,CRIMINAL DAMAGE,VEHICLE NON-COMMERCIAL,false,4,2023,41.80704926,-87.59193059
09/06/23 12:30,CRIMINAL DAMAGE,STREET,false,10,2023,41.65125085,-87.54716206
08/25/2024 11:00:00 PM,MOTOR VEHICLE THEFT,STREET,false,1,2024,41.903839,-87.66384366
09/06/23 0:56,BATTERY,RESIDENCE,true,17,2023,41.74227454,-87.65108758
09/06/23 7:15,THEFT,APARTMENT,false,26,2023,41.91861294,-87.70896398
09/06/23 15:36,THEFT,SMALL RETAIL STORE,false,32,2023,41.9417486,-87.66871808
09/06/23 3:07,CRIMINAL DAMAGE,STREET,false,9,2023,41.69197441,-87.60598043
09/06/23 15:00,BATTERY,SCHOOL - PUBLIC GROUNDS,false,9,2023,41.70751943,-87.60183902
09/06/23 16:43,BATTERY,RESTAURANT,false,46,2023,41.96542318,-87.65562101
09/06/23 8:58,ASSAULT,RESIDENCE,false,6,2023,41.76625017,-87.64077159
09/06/23 6:30,MOTOR VEHICLE THEFT,STREET,false,31,2023,41.93812756,-87.7311386
09/06/23 11:06,ASSAULT,CONVENIENCE STORE,false,21,2023,41.67779976,-87.64288112
09/06/23 19:41,BURGLARY,APARTMENT,false,3,2023,41.80078686,-87.62099479
09/06/23 17:00,MOTOR VEHICLE THEFT,STREET,false,29,2023,41.89225168,-87.77220549
09/06/23 9:23,BATTERY,VEHICLE NON-COMMERCIAL,true,5,2023,41.76971283,-87.5846662
09/06/23 18:02,BATTERY,RESIDENCE,false,37,2023,41.88639335,-87.76508077
09/06/23 0:05,SEX OFFENSE,ALLEY,false,40,2023,41.97002759,-87.6962941
09/06/23 18:11,BATTERY,RESIDENCE,false,45,2023,41.97526748,-87.75347571
09/06/23 19:30,MOTOR VEHICLE THEFT,STREET,false,24,2023,41.87183878,-87.72611793
09/06/23 4:02,OFFENSE INVOLVING CHILDREN,APARTMENT,true,35,2023,41.92147059,-87.73280178
09/06/23 21:25,ASSAULT,RESIDENCE,true,48,2023,41.98618117,-87.658097
09/06/23 16:20,PUBLIC PEACE VIOLATION,STREET,false,1,2023,41.90650774,-87.67979596
09/06/23 15:15,BATTERY,SCHOOL - PUBLIC GROUNDS,false,3,2023,41.85605158,-87.62821881
09/06/23 20:00,THEFT,STREET,false,35,2023,41.93922493,-87.71660276
09/06/23 7:30,THEFT,STREET,false,35,2023,41.92649798,-87.71114707
09/06/23 22:25,CRIMINAL DAMAGE,PARKING LOT / GARAGE (NON RESIDENTIAL),false,13,2023,41.78854784,-87.74145836
09/06/23 1:00,THEFT,STREET,false,37,2023,41.91188078,-87.76430735
08/25/2024 05:31:00 AM,BURGLARY,SMALL RETAIL STORE,false,3,2024,41.80936632,-87.61759851
09/06/23 18:00,CRIMINAL DAMAGE,STREET,false,4,2023,41.80703006,-87.59193081
09/06/23 21:30,MOTOR VEHICLE THEFT,APARTMENT,false,33,2023,41.96002893,-87.70698989
09/06/23 8:00,OFFENSE INVOLVING CHILDREN,SCHOOL - PUBLIC BUILDING,false,10,2023,41.69854131,-87.53286584
07/07/23 4:00,THEFT,RESIDENCE - PORCH / HALLWAY,false,7,2023,41.72900636,-87.55814297
09/06/23 18:05,CRIMINAL DAMAGE,CTA BUS,false,2,2023,41.89677291,-87.62146443
09/06/23 20:30,ASSAULT,STREET,false,17,2023,41.76072086,-87.65278717
09/07/23 0:00,THEFT,PARKING LOT / GARAGE (NON RESIDENTIAL),false,10,2023,41.66581486,-87.55885388
09/06/23 23:50,BATTERY,APARTMENT,false,24,2023,41.87188334,-87.7043154
09/06/23 17:47,DECEPTIVE PRACTICE,ATM (AUTOMATIC TELLER MACHINE),false,34,2023,41.88162419,-87.62939191
09/06/23 13:50,MOTOR VEHICLE THEFT,STREET,false,2,2023,41.89701226,-87.63271602
09/01/23 13:00,DECEPTIVE PRACTICE,APARTMENT,false,4,2023,41.84389246,-87.62209863
09/06/23 11:40,PUBLIC PEACE VIOLATION,AIRPORT TERMINAL UPPER LEVEL - SECURE AREA,true,13,2023,41.78898704,-87.74147999
09/06/23 3:50,CRIMINAL TRESPASS,CONSTRUCTION SITE,false,45,2023,41.95343636,-87.74627323
09/06/23 11:58,THEFT,RESIDENCE,false,8,2023,41.75651843,-87.58343052
09/06/23 16:15,OFFENSE INVOLVING CHILDREN,POLICE FACILITY / VEHICLE PARKING LOT,false,1,2023,41.92102149,-87.69730355
09/06/23 1:45,ROBBERY,RESTAURANT,true,47,2023,41.94718389,-87.68826909
08/25/2024 06:30:00 AM,MOTOR VEHICLE THEFT,STREET,false,14,2024,41.78926071,-87.70465807
07/17/2023 01:00:00 PM,DECEPTIVE PRACTICE,RESIDENCE,false,18,2023,41.7644875,-87.69611012
09/06/23 14:45,DECEPTIVE PRACTICE,COMMERCIAL / BUSINESS OFFICE,false,19,2023,41.72192149,-87.68209468
09/06/23 18:50,OTHER OFFENSE,SIDEWALK,false,15,2023,41.80110214,-87.68731572
09/06/23 7:00,BATTERY,APARTMENT,false,45,2023,41.95470465,-87.72062622
09/06/23 14:04,OTHER OFFENSE,APARTMENT,false,35,2023,41.95273487,-87.71408296
09/06/23 13:00,CRIMINAL DAMAGE,ALLEY,false,49,2023,42.01498163,-87.66705459
08/26/2024 12:00:00 AM,CRIMINAL SEXUAL ASSAULT,HOSPITAL BUILDING / GROUNDS,false,5,2024,41.7921955,-87.60495851
09/06/23 18:55,ASSAULT,GAS STATION,false,49,2023,41.99810367,-87.66826445
09/06/23 0:02,BATTERY,RESIDENCE,true,10,2023,41.65559462,-87.59679886
09/06/23 8:48,THEFT,STREET,false,5,2023,41.80366152,-87.58369528
09/06/23 12:24,DECEPTIVE PRACTICE,APARTMENT,false,50,2023,42.01220521,-87.69370974
09/06/23 20:20,ASSAULT,APARTMENT,false,17,2023,41.75590855,-87.65763916
09/06/23 10:00,THEFT,AIRPORT BUILDING NON-TERMINAL - NON-SECURE AREA,false,41,2023,41.97629041,-87.90522722
09/06/23 19:00,CRIMINAL DAMAGE,STREET,false,15,2023,41.78213298,-87.70201083
09/04/23 5:00,THEFT,STREET,false,25,2023,41.85682944,-87.66988071
09/07/23 0:00,CRIMINAL TRESPASS,STREET,false,3,2023,41.85427337,-87.62466317
09/06/23 12:16,NARCOTICS,ALLEY,true,24,2023,41.86618416,-87.72428806
09/06/23 0:08,ASSAULT,APARTMENT,false,37,2023,41.89792483,-87.7249379
09/06/23 9:00,CRIMINAL SEXUAL ASSAULT,APARTMENT,false,30,2023,41.9458639,-87.76791271
09/06/23 8:00,BATTERY,APARTMENT,false,45,2023,41.95470465,-87.72062622
09/06/23 0:55,BATTERY,SIDEWALK,true,34,2023,41.8790601,-87.62610788
09/06/23 4:32,MOTOR VEHICLE THEFT,STREET,false,27,2023,41.89703228,-87.66413882
09/03/23 7:00,THEFT,STREET,false,43,2023,41.9139303,-87.63675248
09/06/23 6:08,BATTERY,APARTMENT,true,21,2023,41.71882357,-87.64314179
09/06/23 6:00,CRIMINAL DAMAGE,RESIDENCE - PORCH / HALLWAY,false,27,2023,41.88221937,-87.67754642
08/08/23 12:00,DECEPTIVE PRACTICE,APARTMENT,false,4,2023,41.80776362,-87.60233933
08/28/2023 12:00:00 PM,OTHER OFFENSE,APARTMENT,false,27,2023,41.88083405,-87.67908085
09/06/23 13:00,THEFT,SMALL RETAIL STORE,false,35,2023,41.93196285,-87.71287637
08/25/2024 09:38:00 AM,OTHER OFFENSE,STREET,false,50,2024,41.99768017,-87.69271478
09/06/23 15:00,BURGLARY,APARTMENT,false,3,2023,41.86503537,-87.62941605
09/06/23 1:00,THEFT,STREET,false,35,2023,41.93820422,-87.71002255
09/06/23 4:45,MOTOR VEHICLE THEFT,RESIDENCE,true,21,2023,41.67233302,-87.64333486
09/06/23 12:30,NARCOTICS,PARK PROPERTY,true,20,2023,41.79894539,-87.65498678
09/06/23 15:30,MOTOR VEHICLE THEFT,STREET,false,45,2023,41.95519016,-87.75171292
09/06/23 3:30,THEFT,STREET,false,44,2023,41.94474908,-87.65668177
09/06/23 2:00,MOTOR VEHICLE THEFT,PARKING LOT / GARAGE (NON RESIDENTIAL),false,39,2023,41.9833817,-87.70893109
09/06/23 3:05,MOTOR VEHICLE THEFT,STREET,false,18,2023,41.74545436,-87.69983085
09/06/23 23:26,ROBBERY,TAVERN / LIQUOR STORE,false,1,2023,41.91029188,-87.68997426
09/06/23 7:20,THEFT,SCHOOL - PUBLIC BUILDING,false,1,2023,41.90243771,-87.68701156
09/06/23 6:20,ROBBERY,SIDEWALK,false,8,2023,41.7547878,-87.57605484
09/06/23 1:17,PUBLIC PEACE VIOLATION,STREET,true,34,2023,41.87071879,-87.63256998
09/06/23 18:30,THEFT,SMALL RETAIL STORE,false,43,2023,41.91136705,-87.62640164
09/06/23 23:12,BATTERY,STREET,false,9,2023,41.69073279,-87.62646106
09/06/23 8:03,OTHER OFFENSE,APARTMENT,false,33,2023,41.96601856,-87.71084725
09/06/23 1:00,CRIMINAL DAMAGE,RESIDENCE - PORCH / HALLWAY,false,46,2023,41.95850682,-87.64806171
09/06/23 12:05,THEFT,SIDEWALK,false,23,2023,41.79974919,-87.75149962
09/06/23 16:15,ASSAULT,STREET,false,21,2023,41.70687504,-87.62826552
09/06/23 13:20,ASSAULT,RESIDENCE,false,10,2023,41.65918975,-87.55515666
09/06/23 17:51,ROBBERY,STREET,true,37,2023,41.88732762,-87.75816083
08/25/2024 08:06:00 PM,CRIMINAL DAMAGE,SMALL RETAIL STORE,false,26,2024,41.91058325,-87.72635338
09/06/23 15:57,BATTERY,RESIDENCE,false,16,2023,41.79576025,-87.65005855
09/06/23 4:00,BATTERY,APARTMENT,false,7,2023,41.76148464,-87.55806373
09/06/23 21:00,CRIMINAL DAMAGE,PARKING LOT / GARAGE (NON RESIDENTIAL),false,10,2023,41.69869627,-87.56317214
09/06/23 21:12,CRIMINAL TRESPASS,STREET,true,17,2023,41.75523928,-87.67327725
09/06/23 18:25,PUBLIC PEACE VIOLATION,STREET,true,42,2023,41.89130316,-87.62805528
08/25/2024 03:48:00 AM,BATTERY,CTA PLATFORM,false,20,2024,41.79453381,-87.63143854
08/25/2024 02:45:00 PM,THEFT,DEPARTMENT STORE,false,1,2024,41.91062494,-87.66799767
09/06/23 16:00,THEFT,RESIDENCE - YARD (FRONT / BACK),false,40,2023,42.00357479,-87.68152243
09/06/23 15:30,THEFT,ATHLETIC CLUB,false,44,2023,41.93722767,-87.64430547
09/06/23 2:00,THEFT,VEHICLE NON-COMMERCIAL,false,6,2023,41.76649077,-87.64198964
09/06/23 13:40,THEFT,STREET,false,20,2023,41.80908117,-87.63367498
09/06/23 12:23,BATTERY,SCHOOL - PUBLIC BUILDING,false,50,2023,42.01516417,-87.69729739
09/06/23 15:22,BATTERY,STREET,false,6,2023,41.76935057,-87.61474798
09/06/23 19:00,THEFT,PARKING LOT / GARAGE (NON RESIDENTIAL),false,2,2023,41.9091891,-87.6510582
09/06/23 14:00,THEFT,APARTMENT,false,44,2023,41.93343392,-87.64136209
09/05/23 13:00,THEFT,OTHER (SPECIFY),false,22,2023,41.85143075,-87.72475471
09/06/23 12:06,BATTERY,RESIDENCE,false,1,2023,41.91685518,-87.69472889
09/06/23 9:00,THEFT,CHURCH / SYNAGOGUE / PLACE OF WORSHIP,false,30,2023,41.94631639,-87.73167542
09/06/23 21:00,ASSAULT,APARTMENT,true,17,2023,41.76606298,-87.68196371
09/06/23 8:30,OTHER OFFENSE,APARTMENT,false,48,2023,41.9935587,-87.6554955
09/06/23 20:56,ASSAULT,APARTMENT,false,1,2023,41.90313335,-87.68045852
09/06/23 18:00,CRIMINAL DAMAGE,APARTMENT,false,46,2023,41.95349771,-87.64790582
09/06/23 13:30,PUBLIC PEACE VIOLATION,SIDEWALK,false,39,2023,41.99033256,-87.78118469
09/06/23 14:30,BATTERY,SCHOOL - PUBLIC BUILDING,true,4,2023,41.87289448,-87.62756008
09/06/23 22:33,ROBBERY,RESIDENCE - YARD (FRONT / BACK),false,23,2023,41.79434063,-87.71583372
09/06/23 20:30,MOTOR VEHICLE THEFT,STREET,false,7,2023,41.73278789,-87.56589014
09/06/23 7:52,BATTERY,OTHER (SPECIFY),false,16,2023,41.77866106,-87.68227253
09/06/23 12:00,THEFT,APARTMENT,false,27,2023,41.88325736,-87.66954127
09/06/23 0:30,ASSAULT,RESIDENCE,true,27,2023,41.88193377,-87.70199516
09/06/23 10:22,BATTERY,CTA STATION,false,24,2023,41.8740601,-87.70592431
09/06/23 20:01,NARCOTICS,STREET,true,6,2023,41.75075738,-87.63603477
09/06/23 9:00,SEX OFFENSE,SCHOOL - PUBLIC GROUNDS,false,30,2023,41.94284829,-87.76908617
05/07/23 14:00,THEFT,APARTMENT,false,10,2023,41.64858878,-87.53996444
09/06/23 4:15,OTHER OFFENSE,APARTMENT,true,5,2023,41.80170938,-87.59669769
09/06/23 23:00,ASSAULT,STREET,false,6,2023,41.76642702,-87.63102653
09/06/23 23:40,ASSAULT,SIDEWALK,false,50,2023,42.01204803,-87.70050399
09/06/23 6:00,ASSAULT,RESTAURANT,false,42,2023,41.88798867,-87.62546955
09/06/23 22:00,MOTOR VEHICLE THEFT,STREET,false,9,2023,41.66611987,-87.64151635
09/06/23 15:49,THEFT,SMALL RETAIL STORE,false,34,2023,41.88570024,-87.64172685
09/06/23 17:34,THEFT,DEPARTMENT STORE,true,34,2023,41.88350019,-87.6278767
09/06/23 13:30,OTHER OFFENSE,APARTMENT,false,8,2023,41.72853976,-87.59736201
09/06/23 17:07,OTHER OFFENSE,APARTMENT,false,27,2023,41.89677401,-87.64094257
09/02/23 19:00,THEFT,STREET,false,27,2023,41.88683958,-87.70383084
09/04/23 14:30,DECEPTIVE PRACTICE,CTA BUS,false,15,2023,41.79370326,-87.69314746
08/25/2023 06:00:00 PM,CRIMINAL SEXUAL ASSAULT,APARTMENT,false,17,2023,41.7369442,-87.65093882
09/06/23 23:14,CRIMINAL DAMAGE,RESIDENCE,false,8,2023,41.72292995,-87.60591348
09/06/23 21:30,THEFT,STREET,false,20,2023,41.78474033,-87.6222101
09/06/23 5:08,ROBBERY,STREET,false,8,2023,41.73658231,-87.57692092
09/06/23 13:58,DECEPTIVE PRACTICE,OTHER (SPECIFY),false,1,2023,41.92840857,-87.70420874
08/30/2023 11:00:00 AM,THEFT,RESIDENCE - GARAGE,false,40,2023,41.97797876,-87.69899153
09/06/23 20:02,ROBBERY,STREET,true,7,2023,41.71895793,-87.56568476
09/06/23 14:00,OTHER OFFENSE,APARTMENT,false,16,2023,41.79322311,-87.65120397
09/06/23 18:18,SEX OFFENSE,OTHER (SPECIFY),false,36,2023,41.89501368,-87.67574069
08/25/2024 05:00:00 PM,THEFT,PARKING LOT / GARAGE (NON RESIDENTIAL),false,42,2024,41.89250768,-87.62623869
09/06/23 8:40,CRIMINAL DAMAGE,VEHICLE NON-COMMERCIAL,false,7,2023,41.75541228,-87.56225623
09/06/23 8:00,DECEPTIVE PRACTICE,APARTMENT,false,36,2023,41.92246735,-87.77931928
09/06/23 21:00,OTHER OFFENSE,RESIDENCE,false,17,2023,41.76247502,-87.70843471
09/06/23 20:00,THEFT,CONVENIENCE STORE,false,36,2023,41.89111876,-87.68670699
09/06/23 10:00,MOTOR VEHICLE THEFT,PARKING LOT / GARAGE (NON RESIDENTIAL),false,42,2023,41.89328168,-87.62759645
09/06/23 4:49,CRIMINAL DAMAGE,APARTMENT,false,10,2023,41.69999994,-87.56318954
08/25/2024 09:00:00 PM,CRIMINAL DAMAGE,STREET,false,15,2024,41.78629976,-87.70018792
09/06/23 16:16,THEFT,APARTMENT,false,5,2023,41.76797307,-87.57714245
09/06/23 11:15,BATTERY,RESIDENCE,false,39,2023,41.98895643,-87.71882653
09/06/23 23:00,THEFT,STREET,false,16,2023,41.77497303,-87.68963101
08/23/2023 06:30:00 PM,THEFT,OTHER (SPECIFY),false,27,2023,41.87741656,-87.69798213
08/25/2024 10:00:00 AM,CRIMINAL TRESPASS,CONVENIENCE STORE,false,37,2024,41.89488416,-87.7612334
09/06/23 4:30,MOTOR VEHICLE THEFT,PARKING LOT / GARAGE (NON RESIDENTIAL),false,10,2023,41.66581486,-87.55885388
09/06/23 8:54,BATTERY,STREET,false,17,2023,41.74938411,-87.65370947
09/06/23 15:38,BATTERY,STREET,false,29,2023,41.87385519,-87.76237929
09/06/23 18:20,BATTERY,VEHICLE NON-COMMERCIAL,false,15,2023,41.81496906,-87.66999375
09/06/23 20:36,THEFT,DEPARTMENT STORE,false,18,2023,41.74806034,-87.7413027
09/06/23 12:56,BATTERY,RESIDENCE,false,9,2023,41.69530861,-87.62395405
09/06/23 13:15,BATTERY,HOTEL / MOTEL,true,42,2023,41.89482493,-87.63178864
09/06/23 9:20,CRIMINAL DAMAGE,APARTMENT,false,6,2023,41.77420075,-87.62152367
09/06/23 16:54,CRIMINAL DAMAGE,STREET,false,7,2023,41.74932776,-87.55527466
09/06/23 18:00,THEFT,STREET,false,38,2023,41.94799734,-87.79851488
08/25/2024 06:00:00 PM,CRIMINAL DAMAGE,STREET,false,3,2024,41.81299729,-87.61764612
09/06/23 18:00,CRIMINAL DAMAGE,STREET,false,4,2023,41.80689027,-87.58983438
09/06/23 8:05,ASSAULT,STREET,false,27,2023,41.89544998,-87.65358453
09/06/23 14:10,SEX OFFENSE,HOSPITAL BUILDING / GROUNDS,false,2,2023,41.89677291,-87.62146443
07/03/23 0:00,SEX OFFENSE,APARTMENT,false,1,2023,41.90316867,-87.67846717
09/06/23 14:00,THEFT,PARKING LOT / GARAGE (NON RESIDENTIAL),false,10,2023,41.69590816,-87.59582281
09/06/23 18:00,THEFT,APARTMENT,false,5,2023,41.76703601,-87.58280952
08/30/2023 04:18:00 PM,DECEPTIVE PRACTICE,APARTMENT,false,37,2023,41.89892229,-87.73195888
09/06/23 19:00,MOTOR VEHICLE THEFT,PARKING LOT / GARAGE (NON RESIDENTIAL),false,46,2023,41.9584742,-87.65087832
08/01/23 12:00,THEFT,STREET,false,5,2023,41.79736226,-87.58267949
09/06/23 9:25,SEX OFFENSE,SCHOOL - PUBLIC BUILDING,false,21,2023,41.73506684,-87.65089641
09/06/23 22:00,THEFT,RESIDENCE,false,29,2023,41.89386538,-87.76886373
09/06/23 23:45,CRIMINAL TRESPASS,STREET,true,9,2023,41.69073279,-87.62646106
09/06/23 16:05,THEFT,CAR WASH,false,30,2023,41.94728543,-87.74712367
09/06/23 9:25,ASSAULT,CTA BUS,false,9,2023,41.70788603,-87.60641636
09/06/23 21:45,ASSAULT,APARTMENT,false,20,2023,41.78690318,-87.62226687
09/06/23 17:47,CRIMINAL DAMAGE,RESIDENCE,false,8,2023,41.75276137,-87.58089422
09/06/23 17:25,CRIMINAL DAMAGE,APARTMENT,false,48,2023,41.98729227,-87.65897907
09/06/23 0:14,ROBBERY,RESIDENCE - GARAGE,false,11,2023,41.85060173,-87.63589842
09/06/23 17:21,PUBLIC PEACE VIOLATION,ALLEY,true,9,2023,41.69439319,-87.62414718
08/01/23 9:43,OFFENSE INVOLVING CHILDREN,RESIDENCE,false,10,2023,41.74012783,-87.55512192
09/06/23 15:30,CRIMINAL DAMAGE,STREET,false,4,2023,41.81976781,-87.60030247
09/06/23 16:00,MOTOR VEHICLE THEFT,STREET,false,50,2023,41.99593935,-87.68812645
09/06/23 12:00,DECEPTIVE PRACTICE,APARTMENT,false,27,2023,41.905834,-87.63842747
09/06/23 15:20,BATTERY,CONVENIENCE STORE,false,14,2023,41.78345163,-87.70326286
09/06/23 9:08,PUBLIC PEACE VIOLATION,ALLEY,false,8,2023,41.74588634,-87.59690376
09/06/23 14:30,BATTERY,SIDEWALK,false,46,2023,41.96347847,-87.66420139
09/06/23 13:00,CRIMINAL TRESPASS,APARTMENT,false,27,2023,41.88653051,-87.69704717
09/06/23 3:24,THEFT,STREET,false,20,2023,41.78473284,-87.6290118
09/06/23 1:00,MOTOR VEHICLE THEFT,STREET,false,6,2023,41.73955842,-87.61299169
09/06/23 11:52,OTHER OFFENSE,RESIDENCE,false,18,2023,41.73989712,-87.73568735
08/25/2024 06:00:00 AM,BATTERY,APARTMENT,false,37,2024,41.88866277,-87.74866623
09/06/23 11:00,ASSAULT,RESIDENCE - YARD (FRONT / BACK),false,38,2023,41.95024738,-87.78279167
08/25/2024 02:00:00 PM,PUBLIC PEACE VIOLATION,AIRPORT TERMINAL UPPER LEVEL - SECURE AREA,true,13,2024,41.78898704,-87.74147999
09/06/23 23:29,BURGLARY,APARTMENT,false,27,2023,41.8783869,-87.69234702
09/06/23 4:00,THEFT,APARTMENT,false,4,2023,41.81237358,-87.60443282
09/06/23 13:10,CRIMINAL DAMAGE,PARKING LOT / GARAGE (NON RESIDENTIAL),false,27,2023,41.88293181,-87.69291853
09/06/23 20:00,MOTOR VEHICLE THEFT,STREET,false,46,2023,41.95935484,-87.65361169
09/07/23 0:00,DECEPTIVE PRACTICE,APARTMENT,false,17,2023,41.74981542,-87.65008425
09/06/23 16:30,ASSAULT,RESIDENCE,false,31,2023,41.93597094,-87.74549991
09/06/23 22:07,ASSAULT,STREET,false,8,2023,41.74847212,-87.6038882
09/06/23 14:30,OTHER OFFENSE,RESIDENCE,false,37,2023,41.90126792,-87.75207396
09/06/23 23:00,THEFT,STREET,false,5,2023,41.79283195,-87.59162873
09/06/23 14:30,OTHER OFFENSE,CAR WASH,true,19,2023,41.70055152,-87.65833251
09/06/23 23:00,THEFT,VEHICLE NON-COMMERCIAL,false,4,2023,41.83368122,-87.61243999
09/06/23 6:40,THEFT,SMALL RETAIL STORE,false,34,2023,41.88570208,-87.64203164
09/06/23 20:20,THEFT,RESTAURANT,false,42,2023,41.88752199,-87.6245529
09/06/23 19:00,MOTOR VEHICLE THEFT,STREET,false,20,2023,41.80469598,-87.63325322
09/04/23 21:00,THEFT,RESIDENCE - YARD (FRONT / BACK),false,1,2023,41.90329986,-87.67024472
09/06/23 21:30,BATTERY,APARTMENT,false,20,2023,41.78690318,-87.62226687
09/06/23 12:40,ASSAULT,RESIDENCE - YARD (FRONT / BACK),false,25,2023,41.85888016,-87.65497778
09/06/23 21:57,PUBLIC PEACE VIOLATION,STREET,true,24,2023,41.87324282,-87.72540701
09/06/23 13:00,THEFT,STREET,false,6,2023,41.7656528,-87.61807357
09/06/23 16:00,CRIMINAL DAMAGE,STREET,false,4,2023,41.80557774,-87.59056479
09/05/23 15:00,DECEPTIVE PRACTICE,COMMERCIAL / BUSINESS OFFICE,false,36,2023,41.89067449,-87.68578595
08/21/2023 09:40:00 AM,ASSAULT,APARTMENT,false,48,2023,41.99157427,-87.65543195
09/06/23 8:00,CRIMINAL DAMAGE,STREET,false,27,2023,41.8887098,-87.71367337
09/06/23 11:00,BURGLARY,APARTMENT,false,40,2023,41.98363881,-87.69431574
09/06/23 2:00,BATTERY,SIDEWALK,false,44,2023,41.93991914,-87.65341016
09/06/23 18:00,CRIMINAL DAMAGE,STREET,false,4,2023,41.80606347,-87.59098831
09/06/23 8:30,BATTERY,NURSING / RETIREMENT HOME,false,49,2023,42.01767601,-87.66556919
09/06/23 22:00,BATTERY,RESIDENCE,false,4,2023,41.81237859,-87.60825871
09/02/23 9:00,DECEPTIVE PRACTICE,APARTMENT,false,40,2023,41.99560272,-87.67284475
09/06/23 7:45,CRIMINAL DAMAGE,APARTMENT,true,30,2023,41.9508725,-87.730765
09/06/23 1:00,THEFT,STREET,false,32,2023,41.91306073,-87.67831096
09/06/23 17:40,CRIMINAL DAMAGE,SMALL RETAIL STORE,false,34,2023,41.86741731,-87.62716875
09/06/23 1:30,SEX OFFENSE,CTA TRAIN,false,28,2023,41.8866684,-87.74611368
09/02/23 13:00,BATTERY,APARTMENT,false,39,2023,41.97936582,-87.71277316
08/25/2024 02:45:00 AM,THEFT,BAR OR TAVERN,false,46,2024,41.94813137,-87.6495109
09/06/23 20:00,BATTERY,APARTMENT,false,17,2023,41.75609493,-87.6446594
09/06/23 9:30,BATTERY,SCHOOL - PUBLIC GROUNDS,false,14,2023,41.80320189,-87.72198373
09/03/23 12:45,THEFT,SMALL RETAIL STORE,false,32,2023,41.92507895,-87.67373434
09/06/23 22:10,ASSAULT,STREET,false,26,2023,41.91727917,-87.71707865
09/06/23 11:32,CRIMINAL DAMAGE,ALLEY,false,10,2023,41.70364062,-87.53528545
09/06/23 13:24,ASSAULT,STREET,true,20,2023,41.81641543,-87.62943881
09/06/23 23:31,PUBLIC PEACE VIOLATION,STREET,true,39,2023,41.97533458,-87.7483118
08/25/2024 09:36:00 PM,ASSAULT,CHA APARTMENT,true,27,2024,41.87756742,-87.68471389
09/06/23 16:55,ROBBERY,SIDEWALK,false,27,2023,41.89551514,-87.71055902
09/06/23 7:10,MOTOR VEHICLE THEFT,STREET,false,46,2023,41.96036017,-87.65053465
08/25/2024 12:45:00 AM,BATTERY,SIDEWALK,false,12,2024,41.81929355,-87.69361536
09/06/23 16:12,BATTERY,POLICE FACILITY / VEHICLE PARKING LOT,true,1,2023,41.92102149,-87.69730355
08/25/2024 06:30:00 AM,THEFT,GAS STATION,false,20,2024,41.7804394,-87.60372767
09/06/23 3:00,CRIMINAL DAMAGE,STREET,false,11,2023,41.85092747,-87.63531128
09/06/23 13:00,CRIMINAL DAMAGE,STREET,false,46,2023,41.95935327,-87.64689082
09/06/23 20:51,PUBLIC PEACE VIOLATION,PARKING LOT / GARAGE (NON RESIDENTIAL),true,37,2023,41.89486235,-87.76402503
09/06/23 22:00,MOTOR VEHICLE THEFT,STREET,false,28,2023,41.88496005,-87.72579172
09/06/23 1:26,OTHER OFFENSE,STREET,false,43,2023,41.91352886,-87.6258524
09/06/23 15:51,CRIMINAL DAMAGE,RESIDENCE,false,7,2023,41.74590509,-87.54914144
09/06/23 19:40,MOTOR VEHICLE THEFT,STREET,false,2,2023,41.89876792,-87.62411633
09/06/23 21:00,MOTOR VEHICLE THEFT,STREET,false,9,2023,41.71971727,-87.63752426
09/01/23 0:00,DECEPTIVE PRACTICE,APARTMENT,false,3,2023,41.81769067,-87.62305996
09/06/23 23:30,THEFT,STREET,false,1,2023,41.90969171,-87.68232779
09/06/23 2:00,ROBBERY,CTA BUS,false,9,2023,41.72169912,-87.62546609
09/06/23 20:05,PUBLIC PEACE VIOLATION,STREET,true,21,2023,41.72129276,-87.65687005
09/06/23 16:47,THEFT,APARTMENT,false,28,2023,41.88315079,-87.74353491
09/06/23 20:10,ASSAULT,STREET,true,33,2023,41.9393859,-87.69930066
09/06/23 20:00,DECEPTIVE PRACTICE,SIDEWALK,false,14,2023,41.77861818,-87.70312686
09/06/23 6:43,THEFT,GOVERNMENT BUILDING / PROPERTY,true,28,2023,41.8629061,-87.65685888
09/06/23 21:00,BURGLARY,VEHICLE NON-COMMERCIAL,false,4,2023,41.84267447,-87.62040192
09/06/23 22:30,OTHER OFFENSE,SCHOOL - PUBLIC GROUNDS,false,30,2023,41.93542876,-87.7834006
09/06/23 3:34,BURGLARY,BAR OR TAVERN,false,40,2023,41.97342657,-87.69166342
09/06/23 18:00,BATTERY,GROCERY FOOD STORE,false,23,2023,41.79798376,-87.72329858
08/25/2024 01:00:00 AM,THEFT,RESIDENCE - YARD (FRONT / BACK),false,47,2024,41.96020446,-87.67079485
09/06/23 8:40,THEFT,APARTMENT,false,28,2023,41.86337575,-87.65645745
09/06/23 11:00,BATTERY,SCHOOL - PUBLIC BUILDING,false,50,2023,42.01516417,-87.69729739
09/06/23 13:35,BATTERY,SIDEWALK,true,20,2023,41.7938346,-87.62928988
09/06/23 2:00,THEFT,APARTMENT,false,15,2023,41.8078429,-87.67345647
09/02/23 23:00,MOTOR VEHICLE THEFT,STREET,false,5,2023,41.77242977,-87.5838391
09/06/23 0:25,BATTERY,RESIDENCE,false,18,2023,41.73675896,-87.71723564
09/06/23 0:30,THEFT,VEHICLE NON-COMMERCIAL,false,29,2023,41.8860694,-87.76672155
09/06/23 14:28,NARCOTICS,STREET,false,24,2023,41.85885891,-87.72568643
09/06/23 21:50,CRIMINAL DAMAGE,RESIDENCE,false,7,2023,41.74590509,-87.54914144
09/06/23 15:48,BATTERY,RESIDENCE,false,19,2023,41.7063765,-87.68577827
09/06/23 6:50,BURGLARY,APARTMENT,false,3,2023,41.80333141,-87.61799944
09/06/23 19:15,THEFT,VEHICLE NON-COMMERCIAL,false,47,2023,41.95045897,-87.68265203
09/06/23 14:30,ASSAULT,SCHOOL - PUBLIC GROUNDS,false,43,2023,41.91386132,-87.64625425
09/06/23 8:30,DECEPTIVE PRACTICE,APARTMENT,false,17,2023,41.76061657,-87.71086082
09/06/23 11:00,BATTERY,APARTMENT,false,5,2023,41.77804747,-87.58638773
09/06/23 14:30,BURGLARY,APARTMENT,false,3,2023,41.81421223,-87.61972721
09/06/23 4:30,THEFT,STREET,false,27,2023,41.89702987,-87.66419761
07/14/2023 12:00:00 AM,DECEPTIVE PRACTICE,OTHER (SPECIFY),false,10,2023,41.71088835,-87.55367277
06/23/2023 10:00:00 AM,MOTOR VEHICLE THEFT,OTHER (SPECIFY),false,28,2023,41.87619437,-87.72413428
09/03/23 17:30,ASSAULT,RESIDENCE,false,3,2023,41.82115354,-87.62477167
09/06/23 16:16,ASSAULT,STREET,false,24,2023,41.85921754,-87.73230167
09/06/23 20:00,OTHER OFFENSE,RESIDENCE,false,25,2023,41.85702689,-87.65482484
09/06/23 15:30,THEFT,DEPARTMENT STORE,true,34,2023,41.88247092,-87.62784763
09/06/23 7:15,THEFT,STREET,false,44,2023,41.95111649,-87.65496383
09/06/23 12:45,CRIMINAL TRESPASS,RESIDENCE - PORCH / HALLWAY,false,34,2023,41.87322088,-87.65764602
09/06/23 9:30,SEX OFFENSE,HOSPITAL BUILDING / GROUNDS,false,7,2023,41.72621915,-87.56729444
09/06/23 23:20,ROBBERY,APARTMENT,false,22,2023,41.84358807,-87.71354376
09/06/23 7:00,DECEPTIVE PRACTICE,PARKING LOT / GARAGE (NON RESIDENTIAL),false,40,2023,41.97533468,-87.69231358
09/06/23 18:00,THEFT,VEHICLE NON-COMMERCIAL,false,8,2023,41.75080949,-87.59303986
09/06/23 7:46,OTHER OFFENSE,RESIDENCE,false,6,2023,41.75749444,-87.61990875
09/06/23 23:00,MOTOR VEHICLE THEFT,STREET,false,7,2023,41.73659288,-87.56363552
09/06/23 14:40,BATTERY,SCHOOL - PUBLIC GROUNDS,false,13,2023,41.78949371,-87.77924096
08/25/2024 07:31:00 PM,PUBLIC PEACE VIOLATION,CHA PARKING LOT / GROUNDS,false,10,2024,41.65489835,-87.605106
09/06/23 18:00,CRIMINAL DAMAGE,STREET,false,4,2023,41.81383036,-87.59662118
09/06/23 13:30,MOTOR VEHICLE THEFT,VEHICLE NON-COMMERCIAL,false,50,2023,42.00117497,-87.7013917
09/06/23 19:45,BATTERY,PARKING LOT / GARAGE (NON RESIDENTIAL),false,28,2023,41.86539947,-87.63918859
08/30/2023 11:30:00 AM,OFFENSE INVOLVING CHILDREN,RESIDENCE,false,7,2023,41.7421341,-87.55636551
09/06/23 13:00,THEFT,RESTAURANT,false,2,2023,41.89256968,-87.62205835
09/06/23 7:12,CRIMINAL DAMAGE,APARTMENT,false,3,2023,41.80302105,-87.62105073
09/06/23 13:00,MOTOR VEHICLE THEFT,STREET,false,20,2023,41.79793681,-87.60630178
09/05/23 11:45,ASSAULT,COMMERCIAL / BUSINESS OFFICE,false,32,2023,41.91793371,-87.68010193
09/07/23 0:00,CRIMINAL DAMAGE,STREET,false,20,2023,41.80139369,-87.60572357
09/02/23 9:10,CRIMINAL DAMAGE,APARTMENT,false,40,2023,41.96968079,-87.69216434
09/06/23 1:00,BURGLARY,RESIDENCE - GARAGE,false,10,2023,41.70036692,-87.5376988
09/06/23 18:50,ASSAULT,RESIDENCE,true,15,2023,41.78548501,-87.69478757
09/06/23 4:00,MOTOR VEHICLE THEFT,GAS STATION,false,9,2023,41.66340331,-87.62579388
09/06/23 14:55,CRIMINAL DAMAGE,CEMETARY,false,46,2023,41.95488231,-87.66256709
09/06/23 3:00,BATTERY,APARTMENT,false,29,2023,41.88095048,-87.76321214
09/06/23 15:24,THEFT,COMMERCIAL / BUSINESS OFFICE,false,44,2023,41.93722767,-87.64430547
09/06/23 13:31,ASSAULT,RESIDENCE,false,49,2023,42.01699885,-87.68046906
09/06/23 21:13,THEFT,RESIDENCE - YARD (FRONT / BACK),false,33,2023,41.96350999,-87.71688337
09/06/23 21:30,BATTERY,PARK PROPERTY,false,43,2023,41.91039448,-87.62622133
09/06/23 16:00,ASSAULT,APARTMENT,false,17,2023,41.74814232,-87.64518049
09/06/23 16:09,CRIMINAL DAMAGE,APARTMENT,false,37,2023,41.9035311,-87.72957933
09/06/23 0:01,MOTOR VEHICLE THEFT,STREET,false,29,2023,41.93171863,-87.80147333
09/06/23 11:24,THEFT,SMALL RETAIL STORE,true,15,2023,41.8011413,-87.68501209
09/06/23 9:15,ASSAULT,SCHOOL - PUBLIC GROUNDS,false,8,2023,41.73709431,-87.57299818
09/06/23 23:30,MOTOR VEHICLE THEFT,STREET,false,47,2023,41.96340466,-87.66992337
09/06/23 1:10,BATTERY,RESTAURANT,false,26,2023,41.9029372,-87.69535984
09/06/23 12:30,OTHER OFFENSE,APARTMENT,false,49,2023,42.01187876,-87.67815908
08/25/2024 11:50:00 PM,BATTERY,STREET,false,27,2024,41.89009265,-87.70454078
09/06/23 21:00,BATTERY,APARTMENT,false,7,2023,41.75195059,-87.54991809
09/06/23 2:17,BATTERY,ALLEY,false,44,2023,41.94057376,-87.65412729
09/06/23 0:45,OTHER OFFENSE,RESIDENCE,false,12,2023,41.81816404,-87.70025935
09/06/23 6:25,MOTOR VEHICLE THEFT,STREET,false,39,2023,41.97057167,-87.72320273
09/06/23 20:00,THEFT,RESIDENCE - PORCH / HALLWAY,false,34,2023,41.87662849,-87.65009744
09/06/23 10:00,BATTERY,NURSING / RETIREMENT HOME,false,49,2023,42.01767601,-87.66556919
09/06/23 7:54,CRIMINAL DAMAGE,STREET,false,22,2023,41.806706,-87.74557904
09/06/23 17:30,CRIMINAL DAMAGE,STREET,false,8,2023,41.7505772,-87.58429858
09/06/23 17:42,OTHER OFFENSE,RESIDENCE,false,21,2023,41.69769276,-87.65288817
09/06/23 21:19,BATTERY,STREET,true,42,2023,41.89038906,-87.62667339
09/06/23 22:00,THEFT,STREET,false,20,2023,41.80813086,-87.65644511
09/06/23 23:30,BURGLARY,SMALL RETAIL STORE,false,34,2023,41.87950297,-87.62672358
09/06/23 11:51,ASSAULT,ABANDONED BUILDING,false,28,2023,41.88051067,-87.74404023
08/25/2024 05:07:00 PM,BATTERY,APARTMENT,false,17,2024,41.74492486,-87.66121717
09/06/23 12:19,ASSAULT,SIDEWALK,false,17,2023,41.76400366,-87.68322347
09/06/23 19:23,NARCOTICS,STREET,true,27,2023,41.90181557,-87.7201844
09/07/23 0:00,THEFT,PARKING LOT / GARAGE (NON RESIDENTIAL),false,9,2023,41.6959821,-87.59665314
09/05/23 8:00,DECEPTIVE PRACTICE,APARTMENT,false,34,2023,41.87638821,-87.66475813
08/25/2024 03:25:00 AM,BURGLARY,RESTAURANT,false,4,2024,41.8167924,-87.60798515
09/06/23 19:00,MOTOR VEHICLE THEFT,RESIDENCE - GARAGE,false,11,2023,41.82968708,-87.64810545
09/06/23 7:30,ASSAULT,SCHOOL - PUBLIC BUILDING,false,1,2023,41.89170012,-87.66553503
09/06/23 9:26,BATTERY,APARTMENT,false,27,2023,41.89174266,-87.72143766
09/06/23 4:27,MOTOR VEHICLE THEFT,RESIDENCE,false,10,2023,41.658318,-87.60340609
09/06/23 15:17,THEFT,DRUG STORE,false,14,2023,41.80788793,-87.72279015
09/06/23 12:53,NARCOTICS,STREET,true,25,2023,41.84445948,-87.70925607
09/06/23 17:54,PUBLIC PEACE VIOLATION,STREET,true,24,2023,41.85844844,-87.71766216
09/06/23 6:00,THEFT,STREET,false,32,2023,41.92962926,-87.66951642
09/06/23 18:00,THEFT,STREET,false,34,2023,41.88210413,-87.63383368
09/06/23 18:30,BATTERY,STREET,false,8,2023,41.75633088,-87.60287929
09/06/23 9:00,ASSAULT,STREET,false,5,2023,41.76624907,-87.57538856
09/01/23 3:26,BURGLARY,OTHER (SPECIFY),false,49,2023,42.01317793,-87.68029103
09/06/23 23:30,BATTERY,CTA STATION,false,4,2023,41.87775966,-87.62928744
09/06/23 3:15,BATTERY,APARTMENT,false,6,2023,41.76489976,-87.61525583
09/06/23 2:00,THEFT,STREET,false,12,2023,41.81565085,-87.68754372
08/31/2023 06:00:00 AM,MOTOR VEHICLE THEFT,STREET,false,17,2023,41.76056949,-87.64671909
09/06/23 17:25,BATTERY,CTA STATION,true,49,2023,42.01938781,-87.67353708
09/06/23 17:45,MOTOR VEHICLE THEFT,STREET,false,9,2023,41.67541613,-87.63219985
09/06/23 3:00,ASSAULT,APARTMENT,false,49,2023,42.01389655,-87.66685985
09/06/23 4:14,OTHER OFFENSE,PARKING LOT / GARAGE (NON RESIDENTIAL),false,3,2023,41.80363454,-87.61644095
09/06/23 6:58,CRIMINAL DAMAGE,CTA BUS,false,27,2023,41.88084844,-87.69628465
08/18/2023 12:00:00 PM,DECEPTIVE PRACTICE,BANK,false,34,2023,41.88162419,-87.62939191
08/25/2024 03:59:00 PM,KIDNAPPING,RESIDENCE,false,31,2024,41.93249256,-87.72209941
06/05/23 8:00,MOTOR VEHICLE THEFT,PARKING LOT / GARAGE (NON RESIDENTIAL),false,6,2023,41.76103648,-87.63000771
09/06/23 14:18,PUBLIC PEACE VIOLATION,COMMERCIAL / BUSINESS OFFICE,true,19,2023,41.70055152,-87.65833251
09/06/23 13:20,THEFT,STREET,false,9,2023,41.72122002,-87.62743839
09/06/23 1:00,ROBBERY,ALLEY,false,31,2023,41.92419877,-87.74937447
09/06/23 12:45,BURGLARY,RESIDENCE,false,40,2023,41.98410689,-87.69311936
09/02/23 12:00,DECEPTIVE PRACTICE,RESIDENCE,false,17,2023,41.75534818,-87.64050032
09/06/23 16:20,OTHER OFFENSE,STREET,true,21,2023,41.73009084,-87.64344982
08/27/2023 04:00:00 AM,THEFT,STREET,false,3,2023,41.85427187,-87.62486507
09/06/23 23:35,CRIMINAL DAMAGE,BAR OR TAVERN,false,36,2023,41.89897887,-87.67713989
09/06/23 16:00,CRIMINAL DAMAGE,RESIDENCE - GARAGE,false,25,2023,41.85299157,-87.68210289
09/06/23 22:00,BATTERY,RESIDENCE,false,41,2023,41.98690624,-87.80834494
09/06/23 18:01,BATTERY,VACANT LOT / LAND,false,24,2023,41.86694152,-87.71299884
09/06/23 15:28,NARCOTICS,STREET,true,16,2023,41.79036644,-87.6661808
09/06/23 13:15,SEX OFFENSE,ALLEY,false,48,2023,41.98871923,-87.66838421
09/06/23 7:12,OTHER OFFENSE,NURSING / RETIREMENT HOME,false,20,2023,41.80807526,-87.66617316
09/06/23 13:00,BATTERY,PARKING LOT / GARAGE (NON RESIDENTIAL),false,18,2023,41.73573325,-87.66718617
09/06/23 8:00,BATTERY,STREET,false,5,2023,41.76756177,-87.57511285
09/06/23 0:51,ROBBERY,STREET,false,28,2023,41.8671612,-87.64647918
09/06/23 13:00,THEFT,RESIDENCE - PORCH / HALLWAY,false,35,2023,41.93919427,-87.71907298
09/06/23 11:24,ASSAULT,PARKING LOT / GARAGE (NON RESIDENTIAL),true,9,2023,41.69254258,-87.62666825
09/06/23 12:36,CRIMINAL DAMAGE,WAREHOUSE,false,17,2023,41.75898158,-87.66363247
09/06/23 21:30,PUBLIC PEACE VIOLATION,ALLEY,false,8,2023,41.72203442,-87.6057734
09/06/23 14:30,BURGLARY,COMMERCIAL / BUSINESS OFFICE,false,20,2023,41.78003628,-87.60463783
09/06/23 13:15,ASSAULT,SCHOOL - PUBLIC GROUNDS,false,26,2023,41.90709251,-87.69446985
09/06/23 21:15,CRIMINAL DAMAGE,STREET,true,17,2023,41.75152209,-87.64406329
09/06/23 10:14,THEFT,GAS STATION,false,45,2023,41.9610993,-87.74756329
09/06/23 13:30,OTHER OFFENSE,SIDEWALK,true,8,2023,41.73758075,-87.58565139
09/06/23 20:57,CRIMINAL DAMAGE,STREET,false,4,2023,41.80689027,-87.58983438
09/06/23 22:30,MOTOR VEHICLE THEFT,STREET,false,10,2023,41.65584344,-87.59580069
08/25/2024 06:16:00 PM,ASSAULT,OTHER (SPECIFY),false,10,2024,41.72954416,-87.55124547
09/06/23 21:30,ASSAULT,DEPARTMENT STORE,false,32,2023,41.92823582,-87.68208415
07/11/23 9:20,BATTERY,COMMERCIAL / BUSINESS OFFICE,false,27,2023,41.88770416,-87.67498199
08/25/2024 04:45:00 AM,THEFT,STREET,false,44,2024,41.94002054,-87.64555449
09/06/23 13:00,DECEPTIVE PRACTICE,OTHER (SPECIFY),false,3,2023,41.82834318,-87.6264976
08/25/2024 02:56:00 AM,THEFT,APARTMENT,false,16,2024,41.77658914,-87.67505278
08/25/2024 03:20:00 PM,BURGLARY,CHA APARTMENT,false,27,2024,41.87646629,-87.66027395
09/06/23 9:02,BATTERY,RESIDENCE,false,7,2023,41.71989754,-87.56584207
09/06/23 19:13,BATTERY,APARTMENT,false,6,2023,41.76945295,-87.6087643
09/06/23 21:15,OTHER OFFENSE,RESTAURANT,false,9,2023,41.68547466,-87.60796468
09/06/23 0:30,ASSAULT,APARTMENT,false,17,2023,41.7457785,-87.66453557
09/06/23 11:30,THEFT,DEPARTMENT STORE,false,36,2023,41.9264041,-87.79288181
09/01/23 0:30,THEFT,STREET,false,3,2023,41.82132742,-87.62315551
09/06/23 22:00,MOTOR VEHICLE THEFT,STREET,false,7,2023,41.74938744,-87.56619085
09/06/23 19:15,ROBBERY,SIDEWALK,true,37,2023,41.90946298,-87.75877039
09/06/23 10:00,DECEPTIVE PRACTICE,APARTMENT,false,28,2023,41.87876863,-87.73407202
09/06/23 0:45,CRIMINAL DAMAGE,APARTMENT,false,10,2023,41.69999994,-87.56318954
07/10/23 0:00,DECEPTIVE PRACTICE,RESIDENCE,false,18,2023,41.73743239,-87.72880364
09/06/23 18:00,THEFT,STREET,false,4,2023,41.81383036,-87.59662118
09/06/23 18:00,CRIMINAL DAMAGE,STREET,false,4,2023,41.80710417,-87.59193362
09/06/23 18:40,PUBLIC PEACE VIOLATION,STREET,false,30,2023,41.9238399,-87.77487583
09/06/23 18:00,MOTOR VEHICLE THEFT,STREET,false,40,2023,41.99310038,-87.67913892
08/25/2024 02:12:00 AM,BATTERY,APARTMENT,false,35,2024,41.91753017,-87.73390793
08/28/2023 09:00:00 AM,OTHER OFFENSE,APARTMENT,false,6,2023,41.7761514,-87.64165127
09/06/23 12:05,BURGLARY,APARTMENT,false,1,2023,41.92241644,-87.69845452
09/06/23 0:01,CRIMINAL DAMAGE,STREET,false,27,2023,41.89547703,-87.66238468
09/06/23 0:30,THEFT,APARTMENT,false,46,2023,41.96036017,-87.65053465
09/06/23 14:30,ASSAULT,GAS STATION,false,9,2023,41.70709533,-87.62883442
09/06/23 15:39,PUBLIC PEACE VIOLATION,CTA TRAIN,true,4,2023,41.86742869,-87.62634257
08/31/2023 03:15:00 PM,BATTERY,STREET,false,20,2023,41.77587085,-87.60947662
09/06/23 9:30,CRIMINAL TRESPASS,PARKING LOT / GARAGE (NON RESIDENTIAL),true,14,2023,41.77898437,-87.70234602
09/06/23 8:30,MOTOR VEHICLE THEFT,SCHOOL - PUBLIC GROUNDS,false,9,2023,41.72544908,-87.63013588
09/06/23 14:20,ASSAULT,RESIDENCE,false,45,2023,41.97338746,-87.75888758
09/06/23 15:00,BATTERY,CHA HALLWAY / STAIRWELL / ELEVATOR,false,3,2023,41.81781967,-87.6230622
08/25/2024 06:06:00 PM,THEFT,SMALL RETAIL STORE,false,49,2024,42.00789172,-87.66676432
09/06/23 12:19,BURGLARY,APARTMENT,false,20,2023,41.79219405,-87.62402359
08/29/2023 12:00:00 PM,THEFT,RESIDENCE - PORCH / HALLWAY,false,9,2023,41.66981745,-87.63803626
09/06/23 23:00,THEFT,STREET,false,32,2023,41.924188,-87.68352167
09/06/23 22:30,PUBLIC PEACE VIOLATION,RESIDENCE,false,35,2023,41.91804437,-87.73148177
09/06/23 23:00,THEFT,STREET,false,2,2023,41.89785741,-87.63721735
09/06/23 0:01,CRIMINAL DAMAGE,RESIDENCE,false,33,2023,41.95826015,-87.70570938
09/06/23 12:01,THEFT,GROCERY FOOD STORE,true,41,2023,41.97443857,-87.81119077
09/06/23 10:00,CRIMINAL DAMAGE,RESIDENCE,false,20,2023,41.80772798,-87.65886653
09/06/23 13:51,THEFT,RESTAURANT,false,43,2023,41.92919343,-87.64261696
09/06/23 20:25,THEFT,SMALL RETAIL STORE,true,31,2023,41.92422843,-87.74711798
09/07/23 0:00,CRIMINAL DAMAGE,STREET,false,4,2023,41.81383036,-87.59662118
09/06/23 21:40,BATTERY,APARTMENT,false,24,2023,41.86515441,-87.71390456
09/06/23 11:00,BATTERY,RESIDENCE,false,45,2023,41.96564171,-87.76740693
09/06/23 20:00,THEFT,DRIVEWAY - RESIDENTIAL,false,19,2023,41.7104243,-87.69163414
09/06/23 16:10,PUBLIC PEACE VIOLATION,STREET,false,25,2023,41.85388916,-87.68407958
09/06/23 9:40,NARCOTICS,GAS STATION,true,29,2023,41.88018642,-87.76853246
09/06/23 17:46,ASSAULT,STREET,false,39,2023,41.96135024,-87.73030597
09/06/23 14:30,THEFT,SCHOOL - PUBLIC BUILDING,false,18,2023,41.74946001,-87.72089612
09/06/23 17:10,BATTERY,RESIDENCE - PORCH / HALLWAY,false,24,2023,41.87076952,-87.72113839
09/06/23 14:00,MOTOR VEHICLE THEFT,STREET,false,8,2023,41.76327653,-87.59214149
09/06/23 20:26,THEFT,SMALL RETAIL STORE,false,36,2023,41.91707881,-87.75669596
09/06/23 22:30,CRIMINAL DAMAGE,STREET,false,4,2023,41.84253996,-87.62039608
09/06/23 18:00,MOTOR VEHICLE THEFT,RESIDENCE - YARD (FRONT / BACK),false,16,2023,41.7769223,-87.65078648
09/06/23 14:00,BATTERY,NURSING / RETIREMENT HOME,false,50,2023,41.99891565,-87.67727301
09/06/23 17:00,THEFT,DEPARTMENT STORE,false,31,2023,41.93158252,-87.74274717
09/06/23 16:34,THEFT,SMALL RETAIL STORE,false,34,2023,41.87799992,-87.64309875
09/06/23 10:00,CRIMINAL DAMAGE,STREET,false,4,2023,41.83368122,-87.61243999
09/06/23 23:00,ASSAULT,APARTMENT,false,28,2023,41.86496042,-87.6925509
09/06/23 16:30,ASSAULT,SCHOOL - PUBLIC GROUNDS,false,48,2023,41.98934853,-87.65819227
07/16/2023 02:00:00 AM,THEFT,BAR OR TAVERN,false,27,2023,41.88539325,-87.66354785
09/06/23 10:10,BATTERY,ALLEY,false,30,2023,41.94559185,-87.74704729
11/10/23 18:00,THEFT,PARKING LOT / GARAGE (NON RESIDENTIAL),false,34,2023,41.88448545,-87.62878394
08/25/2024 01:30:00 AM,BATTERY,OTHER RAILROAD PROPERTY / TRAIN DEPOT,false,13,2024,41.77801699,-87.73861119
08/25/2024 02:41:00 PM,PUBLIC PEACE VIOLATION,CHA PARKING LOT / GROUNDS,true,11,2024,41.8374321,-87.64776229
08/25/2024 05:30:00 PM,CRIMINAL DAMAGE,PARKING LOT / GARAGE (NON RESIDENTIAL),false,34,2024,41.87319886,-87.66419656
08/25/2024 10:30:00 PM,THEFT,RESTAURANT,false,43,2024,41.92597679,-87.64072611
08/25/2024 01:00:00 AM,CRIMINAL DAMAGE,DRIVEWAY - RESIDENTIAL,false,18,2024,41.73775171,-87.72638609
08/25/2024 12:30:00 PM,CRIMINAL DAMAGE,STREET,true,28,2024,41.88038536,-87.75393039
08/25/2024 06:47:00 PM,OTHER OFFENSE,APARTMENT,false,36,2024,41.90626217,-87.72759925
08/25/2024 09:30:00 PM,BATTERY,ALLEY,false,37,2024,41.89773894,-87.7224897
08/25/2024 08:50:00 PM,ASSAULT,STREET,false,10,2024,41.701998,-87.56321697
08/25/2024 02:00:00 AM,MOTOR VEHICLE THEFT,STREET,false,42,2024,41.89001352,-87.631665
08/26/2024 12:00:00 AM,THEFT,APARTMENT,false,46,2024,41.96365356,-87.65105469
08/25/2024 04:37:00 PM,NARCOTICS,ALLEY,true,37,2024,41.90150115,-87.72504721
08/25/2024 03:51:00 PM,THEFT,DEPARTMENT STORE,false,21,2024,41.68069291,-87.66244608
08/25/2024 05:15:00 PM,THEFT,PARKING LOT / GARAGE (NON RESIDENTIAL),false,12,2024,41.82286093,-87.69063379
08/25/2024 06:00:00 PM,THEFT,STREET,false,16,2024,41.79296384,-87.67305537
08/25/2024 01:00:00 AM,THEFT,SIDEWALK,false,42,2024,41.89245821,-87.62890568
08/25/2024 05:15:00 PM,MOTOR VEHICLE THEFT,PARKING LOT / GARAGE (NON RESIDENTIAL),false,37,2024,41.89495213,-87.75236262
08/25/2024 04:15:00 AM,MOTOR VEHICLE THEFT,STREET,false,20,2024,41.80907633,-87.63423257
08/25/2024 09:24:00 PM,BATTERY,SIDEWALK,false,35,2024,41.93152424,-87.71144001
08/25/2024 07:30:00 PM,BATTERY,SIDEWALK,false,3,2024,41.82539278,-87.63136941
08/25/2024 09:50:00 PM,MOTOR VEHICLE THEFT,OTHER (SPECIFY),false,24,2024,41.86751696,-87.70326414
08/25/2024 05:51:00 AM,PUBLIC PEACE VIOLATION,CHA HALLWAY / STAIRWELL / ELEVATOR,false,3,2024,41.85496367,-87.62713324
08/25/2024 07:15:00 PM,NARCOTICS,GAS STATION,true,21,2024,41.73587173,-87.65753413
08/25/2024 12:30:00 PM,THEFT,ALLEY,false,24,2024,41.87412965,-87.74338286
08/25/2024 01:00:00 AM,THEFT,APARTMENT,false,7,2024,41.76025625,-87.56639861
08/25/2024 09:00:00 AM,MOTOR VEHICLE THEFT,STREET,false,8,2024,41.75240971,-87.60036206
08/25/2024 02:00:00 AM,BATTERY,STREET,false,8,2024,41.75023781,-87.59546511
08/25/2024 04:59:00 AM,HOMICIDE,CHA GROUNDS,false,27,2024,41.89907641,-87.64185068
08/25/2024 05:00:00 PM,ASSAULT,RESTAURANT,false,42,2024,41.89250535,-87.62630482
08/25/2024 04:21:00 AM,CRIMINAL DAMAGE,COMMERCIAL / BUSINESS OFFICE,false,8,2024,41.73634572,-87.58563641
08/25/2024 02:30:00 PM,BURGLARY,APARTMENT,false,6,2024,41.76488381,-87.62328714
08/25/2024 03:45:00 PM,BATTERY,APARTMENT,true,16,2024,41.77813885,-87.69336461
08/25/2024 12:00:00 PM,CRIMINAL DAMAGE,APARTMENT,false,7,2024,41.75836562,-87.56150984
